Workbook

Sheet 1-Data Input
B1: Monthly consumption | C1: Monthly production | D1: Avg_Daily_Con | E1: Avg_Daily_Prod
A2: January | D2: =B2/31 -> 0 | E2: =C2/31 -> 0
A3: February | D3: =B3/28 -> 0 | E3: =C3/28 -> 0
A4: March | D4: =B4/31 -> 0 | E4: =C4/31 -> 0
A5: April | D5: =B5/30 -> 0 | E5: =C5/30 -> 0
A6: May | D6: =B6/31 -> 0 | E6: =C6/31 -> 0
A7: June | D7: =B7/30 -> 0 | E7: =C7/30 -> 0
A8: July | D8: =B8/31 -> 0 | E8: =C8/31 -> 0
A9: August | D9: =B9/31 -> 0 | E9: =C9/31 -> 0
A10: September | D10: =B10/30 -> 0 | E10: =C10/30 -> 0
A11: October | D11: =B11/31 -> 0 | E11: =C11/31 -> 0
A12: November | D12: =B12/30 -> 0 | E12: =C12/30 -> 0
A13: December | D13: =B13/31 -> 0 | E13: =C13/31 -> 0
A14: Name of customer
A15: Consumption profile : | C15: Office building with gas heating, with A/C
A16: Production profile : | C16: Belgium

Sheet 2-Consumption profiles
A1: Consumption profile : | G1: Supermarket with electric heating, with A/C
A2: Relative Consumption | N2: Extrapolated Consumption | AB2: Consumption profiles
A3: H | B3: Jan | C3: Feb | D3: Mar | E3: Apr | F3: May | G3: Jun | H3: Jul | I3: Aug | J3: Sep | K3: Oct | L3: Nov | M3: Dec | N3: H | O3: Jan | P3: Feb | Q3: Mar | R3: Apr | S3: May | T3: Jun | U3: Jul | V3: Aug | W3: Sep | X3: Oct | Y3: Nov | Z3: Dec | AB3: =G1 -> Supermarket with electric heating, with A/C
A4: 0 | B4: 0.031716993 | C4: 0.03289899 | D4: 0.032635343 | E4: 0.034075372 | F4: 0.031788876 | G4: 0.032336472 | H4: 0.032914413 | I4: 0.032523731 | J4: 0.033621449 | K4: 0.033560424 | L4: 0.033132433 | M4: 0.032021031 | N4: 0 | O4: =B4*'1-Data Input'!$D$2 -> 0 | P4: =C4*'1-Data Input'!$D$3 -> 0 | Q4: =D4*'1-Data Input'!$D$4 -> 0 | R4: =E4*'1-Data Input'!$D$5 -> 0 | S4: =F4*'1-Data Input'!$D$6 -> 0 | T4: =G4*'1-Data Input'!$D$7 -> 0 | U4: =H4*'1-Data Input'!$D$8 -> 0 | V4: =I4*'1-Data Input'!$D$9 -> 0 | W4: =J4*'1-Data Input'!$D$10 -> 0 | X4: =K4*'1-Data Input'!$D$11 -> 0 | Y4: =L4*'1-Data Input'!$D$12 -> 0 | Z4: =M4*'1-Data Input'!$D$13 -> 0 | AB4: =G28 -> Supermarket with electric heating, no A/C
A5: 0.041666667 | B5: 0.032567815 | C5: 0.033645722 | D5: 0.033495587 | E5: 0.032637972 | F5: 0.03217471 | G5: 0.031574446 | H5: 0.032210666 | I5: 0.032110877 | J5: 0.0335637 | K5: 0.03306805 | L5: 0.032605557 | M5: 0.03239694 | N5: 0.041666667 | O5: =B5*'1-Data Input'!$D$2 -> 0 | P5: =C5*'1-Data Input'!$D$3 -> 0 | Q5: =D5*'1-Data Input'!$D$4 -> 0 | R5: =E5*'1-Data Input'!$D$5 -> 0 | S5: =F5*'1-Data Input'!$D$6 -> 0 | T5: =G5*'1-Data Input'!$D$7 -> 0 | U5: =H5*'1-Data Input'!$D$8 -> 0 | V5: =I5*'1-Data Input'!$D$9 -> 0 | W5: =J5*'1-Data Input'!$D$10 -> 0 | X5: =K5*'1-Data Input'!$D$11 -> 0 | Y5: =L5*'1-Data Input'!$D$12 -> 0 | Z5: =M5*'1-Data Input'!$D$13 -> 0 | AB5: =G55 -> Supermarket with gas heating, with A/C
A6: 0.083333333 | B6: 0.032911754 | C6: 0.032243356 | D6: 0.032100648 | E6: 0.032914375 | F6: 0.031324898 | G6: 0.03122423 | H6: 0.032099339 | I6: 0.032058451 | J6: 0.03246262 | K6: 0.033560424 | L6: 0.031781468 | M6: 0.032049352 | N6: 0.083333333 | O6: =B6*'1-Data Input'!$D$2 -> 0 | P6: =C6*'1-Data Input'!$D$3 -> 0 | Q6: =D6*'1-Data Input'!$D$4 -> 0 | R6: =E6*'1-Data Input'!$D$5 -> 0 | S6: =F6*'1-Data Input'!$D$6 -> 0 | T6: =G6*'1-Data Input'!$D$7 -> 0 | U6: =H6*'1-Data Input'!$D$8 -> 0 | V6: =I6*'1-Data Input'!$D$9 -> 0 | W6: =J6*'1-Data Input'!$D$10 -> 0 | X6: =K6*'1-Data Input'!$D$11 -> 0 | Y6: =L6*'1-Data Input'!$D$12 -> 0 | Z6: =M6*'1-Data Input'!$D$13 -> 0 | AB6: =G82 -> Supermarket with gas heating, no A/C
A7: 0.125 | B7: 0.032572091 | C7: 0.033692651 | D7: 0.033203161 | E7: 0.03325988 | F7: 0.029766998 | G7: 0.031878341 | H7: 0.031708369 | I7: 0.031357255 | J7: 0.031917855 | K7: 0.032596578 | L7: 0.033214758 | M7: 0.031809012 | N7: 0.125 | O7: =B7*'1-Data Input'!$D$2 -> 0 | P7: =C7*'1-Data Input'!$D$3 -> 0 | Q7: =D7*'1-Data Input'!$D$4 -> 0 | R7: =E7*'1-Data Input'!$D$5 -> 0 | S7: =F7*'1-Data Input'!$D$6 -> 0 | T7: =G7*'1-Data Input'!$D$7 -> 0 | U7: =H7*'1-Data Input'!$D$8 -> 0 | V7: =I7*'1-Data Input'!$D$9 -> 0 | W7: =J7*'1-Data Input'!$D$10 -> 0 | X7: =K7*'1-Data Input'!$D$11 -> 0 | Y7: =L7*'1-Data Input'!$D$12 -> 0 | Z7: =M7*'1-Data Input'!$D$13 -> 0 | AB7: =G109 -> Office building with electric heating, with A/C
A8: 0.16666667 | B8: 0.035024795 | C8: 0.035837607 | D8: 0.035426169 | E8: 0.035497529 | F8: 0.033512011 | G8: 0.034445406 | H8: 0.03423046 | I8: 0.032624651 | J8: 0.033457442 | K8: 0.03366726 | L8: 0.03331988 | M8: 0.033039967 | N8: 0.16666667 | O8: =B8*'1-Data Input'!$D$2 -> 0 | P8: =C8*'1-Data Input'!$D$3 -> 0 | Q8: =D8*'1-Data Input'!$D$4 -> 0 | R8: =E8*'1-Data Input'!$D$5 -> 0 | S8: =F8*'1-Data Input'!$D$6 -> 0 | T8: =G8*'1-Data Input'!$D$7 -> 0 | U8: =H8*'1-Data Input'!$D$8 -> 0 | V8: =I8*'1-Data Input'!$D$9 -> 0 | W8: =J8*'1-Data Input'!$D$10 -> 0 | X8: =K8*'1-Data Input'!$D$11 -> 0 | Y8: =L8*'1-Data Input'!$D$12 -> 0 | Z8: =M8*'1-Data Input'!$D$13 -> 0 | AB8: =G136 -> Office building with gas heating, with A/C
A9: 0.20833333 | B9: 0.041358218 | C9: 0.042595461 | D9: 0.0434854 | E9: 0.042903517 | F9: 0.04438779 | G9: 0.04704505 | H9: 0.042604738 | I9: 0.043487302 | J9: 0.042310744 | K9: 0.042293102 | L9: 0.04243721 | M9: 0.042852682 | N9: 0.20833333 | O9: =B9*'1-Data Input'!$D$2 -> 0 | P9: =C9*'1-Data Input'!$D$3 -> 0 | Q9: =D9*'1-Data Input'!$D$4 -> 0 | R9: =E9*'1-Data Input'!$D$5 -> 0 | S9: =F9*'1-Data Input'!$D$6 -> 0 | T9: =G9*'1-Data Input'!$D$7 -> 0 | U9: =H9*'1-Data Input'!$D$8 -> 0 | V9: =I9*'1-Data Input'!$D$9 -> 0 | W9: =J9*'1-Data Input'!$D$10 -> 0 | X9: =K9*'1-Data Input'!$D$11 -> 0 | Y9: =L9*'1-Data Input'!$D$12 -> 0 | Z9: =M9*'1-Data Input'!$D$13 -> 0 | AB9: =G163 -> Office building with electric heating, no A/C
A10: 0.25 | B10: 0.050856927 | C10: 0.049828132 | D10: 0.047512176 | E10: 0.047290915 | F10: 0.053154764 | G10: 0.052982947 | H10: 0.049494212 | I10: 0.051056295 | J10: 0.048820978 | K10: 0.050607726 | L10: 0.050933517 | M10: 0.052680364 | N10: 0.25 | O10: =B10*'1-Data Input'!$D$2 -> 0 | P10: =C10*'1-Data Input'!$D$3 -> 0 | Q10: =D10*'1-Data Input'!$D$4 -> 0 | R10: =E10*'1-Data Input'!$D$5 -> 0 | S10: =F10*'1-Data Input'!$D$6 -> 0 | T10: =G10*'1-Data Input'!$D$7 -> 0 | U10: =H10*'1-Data Input'!$D$8 -> 0 | V10: =I10*'1-Data Input'!$D$9 -> 0 | W10: =J10*'1-Data Input'!$D$10 -> 0 | X10: =K10*'1-Data Input'!$D$11 -> 0 | Y10: =L10*'1-Data Input'!$D$12 -> 0 | Z10: =M10*'1-Data Input'!$D$13 -> 0 | AB10: =G190 -> Papetterie
A11: 0.29166667 | B11: 0.050114417 | C11: 0.049513428 | D11: 0.049723827 | E11: 0.050197725 | F11: 0.050334037 | G11: 0.049533215 | H11: 0.048718898 | I11: 0.048782321 | J11: 0.046915262 | K11: 0.049102733 | L11: 0.050433238 | M11: 0.05074476 | N11: 0.29166667 | O11: =B11*'1-Data Input'!$D$2 -> 0 | P11: =C11*'1-Data Input'!$D$3 -> 0 | Q11: =D11*'1-Data Input'!$D$4 -> 0 | R11: =E11*'1-Data Input'!$D$5 -> 0 | S11: =F11*'1-Data Input'!$D$6 -> 0 | T11: =G11*'1-Data Input'!$D$7 -> 0 | U11: =H11*'1-Data Input'!$D$8 -> 0 | V11: =I11*'1-Data Input'!$D$9 -> 0 | W11: =J11*'1-Data Input'!$D$10 -> 0 | X11: =K11*'1-Data Input'!$D$11 -> 0 | Y11: =L11*'1-Data Input'!$D$12 -> 0 | Z11: =M11*'1-Data Input'!$D$13 -> 0 | AB11: =G190 -> Papetterie
A12: 0.33333333 | B12: 0.05241748 | C12: 0.051015173 | D12: 0.049097335 | E12: 0.050829795 | F12: 0.049922509 | G12: 0.04992619 | H12: 0.047181523 | I12: 0.047489148 | J12: 0.047816146 | K12: 0.049214214 | L12: 0.050011061 | M12: 0.050801298 | N12: 0.33333333 | O12: =B12*'1-Data Input'!$D$2 -> 0 | P12: =C12*'1-Data Input'!$D$3 -> 0 | Q12: =D12*'1-Data Input'!$D$4 -> 0 | R12: =E12*'1-Data Input'!$D$5 -> 0 | S12: =F12*'1-Data Input'!$D$6 -> 0 | T12: =G12*'1-Data Input'!$D$7 -> 0 | U12: =H12*'1-Data Input'!$D$8 -> 0 | V12: =I12*'1-Data Input'!$D$9 -> 0 | W12: =J12*'1-Data Input'!$D$10 -> 0 | X12: =K12*'1-Data Input'!$D$11 -> 0 | Y12: =L12*'1-Data Input'!$D$12 -> 0 | Z12: =M12*'1-Data Input'!$D$13 -> 0
A13: 0.375 | B13: 0.048947209 | C13: 0.052050384 | D13: 0.052572855 | E13: 0.051513182 | F13: 0.052940197 | G13: 0.049394248 | H13: 0.049626745 | I13: 0.04902479 | J13: 0.04841096 | K13: 0.048354881 | L13: 0.049806305 | M13: 0.052144082 | N13: 0.375 | O13: =B13*'1-Data Input'!$D$2 -> 0 | P13: =C13*'1-Data Input'!$D$3 -> 0 | Q13: =D13*'1-Data Input'!$D$4 -> 0 | R13: =E13*'1-Data Input'!$D$5 -> 0 | S13: =F13*'1-Data Input'!$D$6 -> 0 | T13: =G13*'1-Data Input'!$D$7 -> 0 | U13: =H13*'1-Data Input'!$D$8 -> 0 | V13: =I13*'1-Data Input'!$D$9 -> 0 | W13: =J13*'1-Data Input'!$D$10 -> 0 | X13: =K13*'1-Data Input'!$D$11 -> 0 | Y13: =L13*'1-Data Input'!$D$12 -> 0 | Z13: =M13*'1-Data Input'!$D$13 -> 0
A14: 0.41666667 | B14: 0.052634104 | C14: 0.051677708 | D14: 0.052046203 | E14: 0.052075643 | F14: 0.052090183 | G14: 0.050180708 | H14: 0.050669774 | I14: 0.05130925 | J14: 0.049197501 | K14: 0.050324379 | L14: 0.049794907 | M14: 0.052126621 | N14: 0.41666667 | O14: =B14*'1-Data Input'!$D$2 -> 0 | P14: =C14*'1-Data Input'!$D$3 -> 0 | Q14: =D14*'1-Data Input'!$D$4 -> 0 | R14: =E14*'1-Data Input'!$D$5 -> 0 | S14: =F14*'1-Data Input'!$D$6 -> 0 | T14: =G14*'1-Data Input'!$D$7 -> 0 | U14: =H14*'1-Data Input'!$D$8 -> 0 | V14: =I14*'1-Data Input'!$D$9 -> 0 | W14: =J14*'1-Data Input'!$D$10 -> 0 | X14: =K14*'1-Data Input'!$D$11 -> 0 | Y14: =L14*'1-Data Input'!$D$12 -> 0 | Z14: =M14*'1-Data Input'!$D$13 -> 0
A15: 0.45833333 | B15: 0.051077827 | C15: 0.04981893 | D15: 0.053024743 | E15: 0.051358213 | F15: 0.05211219 | G15: 0.050740646 | H15: 0.050795238 | I15: 0.051954089 | J15: 0.050033706 | K15: 0.05080127 | L15: 0.050137714 | M15: 0.052588905 | N15: 0.45833333 | O15: =B15*'1-Data Input'!$D$2 -> 0 | P15: =C15*'1-Data Input'!$D$3 -> 0 | Q15: =D15*'1-Data Input'!$D$4 -> 0 | R15: =E15*'1-Data Input'!$D$5 -> 0 | S15: =F15*'1-Data Input'!$D$6 -> 0 | T15: =G15*'1-Data Input'!$D$7 -> 0 | U15: =H15*'1-Data Input'!$D$8 -> 0 | V15: =I15*'1-Data Input'!$D$9 -> 0 | W15: =J15*'1-Data Input'!$D$10 -> 0 | X15: =K15*'1-Data Input'!$D$11 -> 0 | Y15: =L15*'1-Data Input'!$D$12 -> 0 | Z15: =M15*'1-Data Input'!$D$13 -> 0
A16: 0.5 | B16: 0.051605137 | C16: 0.050352639 | D16: 0.052083112 | E16: 0.050651962 | F16: 0.051628039 | G16: 0.050577755 | H16: 0.051866542 | I16: 0.051233232 | J16: 0.050564997 | K16: 0.049760006 | L16: 0.05103484 | M16: 0.051121404 | N16: 0.5 | O16: =B16*'1-Data Input'!$D$2 -> 0 | P16: =C16*'1-Data Input'!$D$3 -> 0 | Q16: =D16*'1-Data Input'!$D$4 -> 0 | R16: =E16*'1-Data Input'!$D$5 -> 0 | S16: =F16*'1-Data Input'!$D$6 -> 0 | T16: =G16*'1-Data Input'!$D$7 -> 0 | U16: =H16*'1-Data Input'!$D$8 -> 0 | V16: =I16*'1-Data Input'!$D$9 -> 0 | W16: =J16*'1-Data Input'!$D$10 -> 0 | X16: =K16*'1-Data Input'!$D$11 -> 0 | Y16: =L16*'1-Data Input'!$D$12 -> 0 | Z16: =M16*'1-Data Input'!$D$13 -> 0
A17: 0.54166667 | B17: 0.04917381 | C17: 0.048657654 | D17: 0.049712471 | E17: 0.049722148 | F17: 0.05256553 | G17: 0.050156274 | H17: 0.051464969 | I17: 0.051251582 | J17: 0.049955168 | K17: 0.048457072 | L17: 0.049399749 | M17: 0.050460405 | N17: 0.54166667 | O17: =B17*'1-Data Input'!$D$2 -> 0 | P17: =C17*'1-Data Input'!$D$3 -> 0 | Q17: =D17*'1-Data Input'!$D$4 -> 0 | R17: =E17*'1-Data Input'!$D$5 -> 0 | S17: =F17*'1-Data Input'!$D$6 -> 0 | T17: =G17*'1-Data Input'!$D$7 -> 0 | U17: =H17*'1-Data Input'!$D$8 -> 0 | V17: =I17*'1-Data Input'!$D$9 -> 0 | W17: =J17*'1-Data Input'!$D$10 -> 0 | X17: =K17*'1-Data Input'!$D$11 -> 0 | Y17: =L17*'1-Data Input'!$D$12 -> 0 | Z17: =M17*'1-Data Input'!$D$13 -> 0
A18: 0.58333333 | B18: 0.047989974 | C18: 0.047601279 | D18: 0.04926768 | E18: 0.048878711 | F18: 0.05043967 | G18: 0.048236192 | H18: 0.049593612 | I18: 0.048922123 | J18: 0.04755435 | K18: 0.046953627 | L18: 0.048921845 | M18: 0.047117996 | N18: 0.58333333 | O18: =B18*'1-Data Input'!$D$2 -> 0 | P18: =C18*'1-Data Input'!$D$3 -> 0 | Q18: =D18*'1-Data Input'!$D$4 -> 0 | R18: =E18*'1-Data Input'!$D$5 -> 0 | S18: =F18*'1-Data Input'!$D$6 -> 0 | T18: =G18*'1-Data Input'!$D$7 -> 0 | U18: =H18*'1-Data Input'!$D$8 -> 0 | V18: =I18*'1-Data Input'!$D$9 -> 0 | W18: =J18*'1-Data Input'!$D$10 -> 0 | X18: =K18*'1-Data Input'!$D$11 -> 0 | Y18: =L18*'1-Data Input'!$D$12 -> 0 | Z18: =M18*'1-Data Input'!$D$13 -> 0
A19: 0.625 | B19: 0.046674074 | C19: 0.046018557 | D19: 0.046106826 | E19: 0.046140081 | F19: 0.04847556 | G19: 0.047164673 | H19: 0.046962844 | I19: 0.04627243 | J19: 0.046845963 | K19: 0.046131068 | L19: 0.046082706 | M19: 0.046363459 | N19: 0.625 | O19: =B19*'1-Data Input'!$D$2 -> 0 | P19: =C19*'1-Data Input'!$D$3 -> 0 | Q19: =D19*'1-Data Input'!$D$4 -> 0 | R19: =E19*'1-Data Input'!$D$5 -> 0 | S19: =F19*'1-Data Input'!$D$6 -> 0 | T19: =G19*'1-Data Input'!$D$7 -> 0 | U19: =H19*'1-Data Input'!$D$8 -> 0 | V19: =I19*'1-Data Input'!$D$9 -> 0 | W19: =J19*'1-Data Input'!$D$10 -> 0 | X19: =K19*'1-Data Input'!$D$11 -> 0 | Y19: =L19*'1-Data Input'!$D$12 -> 0 | Z19: =M19*'1-Data Input'!$D$13 -> 0
A20: 0.66666667 | B20: 0.042629463 | C20: 0.042954334 | D20: 0.043148494 | E20: 0.041960494 | F20: 0.044147915 | G20: 0.044359379 | H20: 0.044610395 | I20: 0.044430969 | J20: 0.045584726 | K20: 0.043319656 | L20: 0.043056965 | M20: 0.043361527 | N20: 0.66666667 | O20: =B20*'1-Data Input'!$D$2 -> 0 | P20: =C20*'1-Data Input'!$D$3 -> 0 | Q20: =D20*'1-Data Input'!$D$4 -> 0 | R20: =E20*'1-Data Input'!$D$5 -> 0 | S20: =F20*'1-Data Input'!$D$6 -> 0 | T20: =G20*'1-Data Input'!$D$7 -> 0 | U20: =H20*'1-Data Input'!$D$8 -> 0 | V20: =I20*'1-Data Input'!$D$9 -> 0 | W20: =J20*'1-Data Input'!$D$10 -> 0 | X20: =K20*'1-Data Input'!$D$11 -> 0 | Y20: =L20*'1-Data Input'!$D$12 -> 0 | Z20: =M20*'1-Data Input'!$D$13 -> 0
A21: 0.70833333 | B21: 0.039752535 | C21: 0.038583446 | D21: 0.036463383 | E21: 0.037924189 | F21: 0.039029125 | G21: 0.039725121 | H21: 0.040581411 | I21: 0.040499025 | J21: 0.041764054 | K21: 0.040667338 | L21: 0.038857151 | M21: 0.038296363 | N21: 0.70833333 | O21: =B21*'1-Data Input'!$D$2 -> 0 | P21: =C21*'1-Data Input'!$D$3 -> 0 | Q21: =D21*'1-Data Input'!$D$4 -> 0 | R21: =E21*'1-Data Input'!$D$5 -> 0 | S21: =F21*'1-Data Input'!$D$6 -> 0 | T21: =G21*'1-Data Input'!$D$7 -> 0 | U21: =H21*'1-Data Input'!$D$8 -> 0 | V21: =I21*'1-Data Input'!$D$9 -> 0 | W21: =J21*'1-Data Input'!$D$10 -> 0 | X21: =K21*'1-Data Input'!$D$11 -> 0 | Y21: =L21*'1-Data Input'!$D$12 -> 0 | Z21: =M21*'1-Data Input'!$D$13 -> 0
A22: 0.75 | B22: 0.037417643 | C22: 0.037488423 | D22: 0.03804381 | E22: 0.037687925 | F22: 0.035700591 | G22: 0.037398829 | H22: 0.038268721 | I22: 0.03826437 | J22: 0.038801532 | K22: 0.038315785 | L22: 0.038964806 | M22: 0.037321494 | N22: 0.75 | O22: =B22*'1-Data Input'!$D$2 -> 0 | P22: =C22*'1-Data Input'!$D$3 -> 0 | Q22: =D22*'1-Data Input'!$D$4 -> 0 | R22: =E22*'1-Data Input'!$D$5 -> 0 | S22: =F22*'1-Data Input'!$D$6 -> 0 | T22: =G22*'1-Data Input'!$D$7 -> 0 | U22: =H22*'1-Data Input'!$D$8 -> 0 | V22: =I22*'1-Data Input'!$D$9 -> 0 | W22: =J22*'1-Data Input'!$D$10 -> 0 | X22: =K22*'1-Data Input'!$D$11 -> 0 | Y22: =L22*'1-Data Input'!$D$12 -> 0 | Z22: =M22*'1-Data Input'!$D$13 -> 0
A23: 0.79166667 | B23: 0.037470374 | C23: 0.03698048 | D23: 0.036272218 | E23: 0.036204797 | F23: 0.034508921 | G23: 0.035648766 | H23: 0.03714087 | I23: 0.037631327 | J23: 0.037717006 | K23: 0.03808005 | L23: 0.036359553 | M23: 0.036023192 | N23: 0.79166667 | O23: =B23*'1-Data Input'!$D$2 -> 0 | P23: =C23*'1-Data Input'!$D$3 -> 0 | Q23: =D23*'1-Data Input'!$D$4 -> 0 | R23: =E23*'1-Data Input'!$D$5 -> 0 | S23: =F23*'1-Data Input'!$D$6 -> 0 | T23: =G23*'1-Data Input'!$D$7 -> 0 | U23: =H23*'1-Data Input'!$D$8 -> 0 | V23: =I23*'1-Data Input'!$D$9 -> 0 | W23: =J23*'1-Data Input'!$D$10 -> 0 | X23: =K23*'1-Data Input'!$D$11 -> 0 | Y23: =L23*'1-Data Input'!$D$12 -> 0 | Z23: =M23*'1-Data Input'!$D$13 -> 0
... A27: 0.95833333 | B27: 0.032854748 | C27: 0.033172745 | D27: 0.032876666 | E27: 0.032365633 | F27: 0.032229013 | G27: 0.033128022 | H27: 0.032912204 | I27: 0.033430263 | J27: 0.034988175 | K27: 0.033436556 | L27: 0.033394183 | M27: 0.031927493 | N27: 0.95833333 | O27: =B27*'1-Data Input'!$D$2 -> 0 | P27: =C27*'1-Data Input'!$D$3 -> 0 | Q27: =D27*'1-Data Input'!$D$4 -> 0 | R27: =E27*'1-Data Input'!$D$5 -> 0 | S27: =F27*'1-Data Input'!$D$6 -> 0 | T27: =G27*'1-Data Input'!$D$7 -> 0 | U27: =H27*'1-Data Input'!$D$8 -> 0 | V27: =I27*'1-Data Input'!$D$9 -> 0 | W27: =J27*'1-Data Input'!$D$10 -> 0 | X27: =K27*'1-Data Input'!$D$11 -> 0 | Y27: =L27*'1-Data Input'!$D$12 -> 0 | Z27: =M27*'1-Data Input'!$D$13 -> 0
A28: Consumption profile : | G28: Supermarket with electric heating, no A/C
A29: Relative Consumption | N29: Extrapolated Consumption
A30: H | B30: Jan | C30: Feb | D30: Mar | E30: Apr | F30: May | G30: Jun | H30: Jul | I30: Aug | J30: Sep | K30: Oct | L30: Nov | M30: Dec | N30: H | O30: Jan | P30: Feb | Q30: Mar | R30: Apr | S30: May | T30: Jun | U30: Jul | V30: Aug | W30: Sep | X30: Oct | Y30: Nov | Z30: Dec
A31: 0 | B31: 0.031716993 | C31: 0.03289899 | D31: 0.032635343 | E31: 0.034075372 | F31: 0.031788876 | G31: 0.032336472 | H31: 0.032914413 | I31: 0.032523731 | J31: 0.033621449 | K31: 0.033560424 | L31: 0.033132433 | M31: 0.032021031 | N31: 0 | O31: =B31*'1-Data Input'!$D$2 -> 0 | P31: =C31*'1-Data Input'!$D$3 -> 0 | Q31: =D31*'1-Data Input'!$D$4 -> 0 | R31: =E31*'1-Data Input'!$D$5 -> 0 | S31: =F31*'1-Data Input'!$D$6 -> 0 | T31: =G31*'1-Data Input'!$D$7 -> 0 | U31: =H31*'1-Data Input'!$D$8 -> 0 | V31: =I31*'1-Data Input'!$D$9 -> 0 | W31: =J31*'1-Data Input'!$D$10 -> 0 | X31: =K31*'1-Data Input'!$D$11 -> 0 | Y31: =L31*'1-Data Input'!$D$12 -> 0 | Z31: =M31*'1-Data Input'!$D$13 -> 0
A32: 0.041666667 | B32: 0.032567815 | C32: 0.033645722 | D32: 0.033495587 | E32: 0.032637972 | F32: 0.03217471 | G32: 0.031574446 | H32: 0.032210666 | I32: 0.032110877 | J32: 0.0335637 | K32: 0.03306805 | L32: 0.032605557 | M32: 0.03239694 | N32: 0.041666667 | O32: =B32*'1-Data Input'!$D$2 -> 0 | P32: =C32*'1-Data Input'!$D$3 -> 0 | Q32: =D32*'1-Data Input'!$D$4 -> 0 | R32: =E32*'1-Data Input'!$D$5 -> 0 | S32: =F32*'1-Data Input'!$D$6 -> 0 | T32: =G32*'1-Data Input'!$D$7 -> 0 | U32: =H32*'1-Data Input'!$D$8 -> 0 | V32: =I32*'1-Data Input'!$D$9 -> 0 | W32: =J32*'1-Data Input'!$D$10 -> 0 | X32: =K32*'1-Data Input'!$D$11 -> 0 | Y32: =L32*'1-Data Input'!$D$12 -> 0 | Z32: =M32*'1-Data Input'!$D$13 -> 0
A33: 0.083333333 | B33: 0.032911754 | C33: 0.032243356 | D33: 0.032100648 | E33: 0.032914375 | F33: 0.031324898 | G33: 0.03122423 | H33: 0.032099339 | I33: 0.032058451 | J33: 0.03246262 | K33: 0.033560424 | L33: 0.031781468 | M33: 0.032049352 | N33: 0.083333333 | O33: =B33*'1-Data Input'!$D$2 -> 0 | P33: =C33*'1-Data Input'!$D$3 -> 0 | Q33: =D33*'1-Data Input'!$D$4 -> 0 | R33: =E33*'1-Data Input'!$D$5 -> 0 | S33: =F33*'1-Data Input'!$D$6 -> 0 | T33: =G33*'1-Data Input'!$D$7 -> 0 | U33: =H33*'1-Data Input'!$D$8 -> 0 | V33: =I33*'1-Data Input'!$D$9 -> 0 | W33: =J33*'1-Data Input'!$D$10 -> 0 | X33: =K33*'1-Data Input'!$D$11 -> 0 | Y33: =L33*'1-Data Input'!$D$12 -> 0 | Z33: =M33*'1-Data Input'!$D$13 -> 0
A34: 0.125 | B34: 0.032572091 | C34: 0.033692651 | D34: 0.033203161 | E34: 0.03325988 | F34: 0.029766998 | G34: 0.031878341 | H34: 0.031708369 | I34: 0.031357255 | J34: 0.031917855 | K34: 0.032596578 | L34: 0.033214758 | M34: 0.031809012 | N34: 0.125 | O34: =B34*'1-Data Input'!$D$2 -> 0 | P34: =C34*'1-Data Input'!$D$3 -> 0 | Q34: =D34*'1-Data Input'!$D$4 -> 0 | R34: =E34*'1-Data Input'!$D$5 -> 0 | S34: =F34*'1-Data Input'!$D$6 -> 0 | T34: =G34*'1-Data Input'!$D$7 -> 0 | U34: =H34*'1-Data Input'!$D$8 -> 0 | V34: =I34*'1-Data Input'!$D$9 -> 0 | W34: =J34*'1-Data Input'!$D$10 -> 0 | X34: =K34*'1-Data Input'!$D$11 -> 0 | Y34: =L34*'1-Data Input'!$D$12 -> 0 | Z34: =M34*'1-Data Input'!$D$13 -> 0
A35: 0.16666667 | B35: 0.035024795 | C35: 0.035837607 | D35: 0.035426169 | E35: 0.035497529 | F35: 0.033512011 | G35: 0.034445406 | H35: 0.03423046 | I35: 0.032624651 | J35: 0.033457442 | K35: 0.03366726 | L35: 0.03331988 | M35: 0.033039967 | N35: 0.16666667 | O35: =B35*'1-Data Input'!$D$2 -> 0 | P35: =C35*'1-Data Input'!$D$3 -> 0 | Q35: =D35*'1-Data Input'!$D$4 -> 0 | R35: =E35*'1-Data Input'!$D$5 -> 0 | S35: =F35*'1-Data Input'!$D$6 -> 0 | T35: =G35*'1-Data Input'!$D$7 -> 0 | U35: =H35*'1-Data Input'!$D$8 -> 0 | V35: =I35*'1-Data Input'!$D$9 -> 0 | W35: =J35*'1-Data Input'!$D$10 -> 0 | X35: =K35*'1-Data Input'!$D$11 -> 0 | Y35: =L35*'1-Data Input'!$D$12 -> 0 | Z35: =M35*'1-Data Input'!$D$13 -> 0
A36: 0.20833333 | B36: 0.041358218 | C36: 0.042595461 | D36: 0.0434854 | E36: 0.042903517 | F36: 0.04438779 | G36: 0.04704505 | H36: 0.042604738 | I36: 0.043487302 | J36: 0.042310744 | K36: 0.042293102 | L36: 0.04243721 | M36: 0.042852682 | N36: 0.20833333 | O36: =B36*'1-Data Input'!$D$2 -> 0 | P36: =C36*'1-Data Input'!$D$3 -> 0 | Q36: =D36*'1-Data Input'!$D$4 -> 0 | R36: =E36*'1-Data Input'!$D$5 -> 0 | S36: =F36*'1-Data Input'!$D$6 -> 0 | T36: =G36*'1-Data Input'!$D$7 -> 0 | U36: =H36*'1-Data Input'!$D$8 -> 0 | V36: =I36*'1-Data Input'!$D$9 -> 0 | W36: =J36*'1-Data Input'!$D$10 -> 0 | X36: =K36*'1-Data Input'!$D$11 -> 0 | Y36: =L36*'1-Data Input'!$D$12 -> 0 | Z36: =M36*'1-Data Input'!$D$13 -> 0
A37: 0.25 | B37: 0.050856927 | C37: 0.049828132 | D37: 0.047512176 | E37: 0.047290915 | F37: 0.053154764 | G37: 0.052982947 | H37: 0.049494212 | I37: 0.051056295 | J37: 0.048820978 | K37: 0.050607726 | L37: 0.050933517 | M37: 0.052680364 | N37: 0.25 | O37: =B37*'1-Data Input'!$D$2 -> 0 | P37: =C37*'1-Data Input'!$D$3 -> 0 | Q37: =D37*'1-Data Input'!$D$4 -> 0 | R37: =E37*'1-Data Input'!$D$5 -> 0 | S37: =F37*'1-Data Input'!$D$6 -> 0 | T37: =G37*'1-Data Input'!$D$7 -> 0 | U37: =H37*'1-Data Input'!$D$8 -> 0 | V37: =I37*'1-Data Input'!$D$9 -> 0 | W37: =J37*'1-Data Input'!$D$10 -> 0 | X37: =K37*'1-Data Input'!$D$11 -> 0 | Y37: =L37*'1-Data Input'!$D$12 -> 0 | Z37: =M37*'1-Data Input'!$D$13 -> 0
A38: 0.29166667 | B38: 0.050114417 | C38: 0.049513428 | D38: 0.049723827 | E38: 0.050197725 | F38: 0.050334037 | G38: 0.049533215 | H38: 0.048718898 | I38: 0.048782321 | J38: 0.046915262 | K38: 0.049102733 | L38: 0.050433238 | M38: 0.05074476 | N38: 0.29166667 | O38: =B38*'1-Data Input'!$D$2 -> 0 | P38: =C38*'1-Data Input'!$D$3 -> 0 | Q38: =D38*'1-Data Input'!$D$4 -> 0 | R38: =E38*'1-Data Input'!$D$5 -> 0 | S38: =F38*'1-Data Input'!$D$6 -> 0 | T38: =G38*'1-Data Input'!$D$7 -> 0 | U38: =H38*'1-Data Input'!$D$8 -> 0 | V38: =I38*'1-Data Input'!$D$9 -> 0 | W38: =J38*'1-Data Input'!$D$10 -> 0 | X38: =K38*'1-Data Input'!$D$11 -> 0 | Y38: =L38*'1-Data Input'!$D$12 -> 0 | Z38: =M38*'1-Data Input'!$D$13 -> 0
A39: 0.33333333 | B39: 0.05241748 | C39: 0.051015173 | D39: 0.049097335 | E39: 0.050829795 | F39: 0.049922509 | G39: 0.04992619 | H39: 0.047181523 | I39: 0.047489148 | J39: 0.047816146 | K39: 0.049214214 | L39: 0.050011061 | M39: 0.050801298 | N39: 0.33333333 | O39: =B39*'1-Data Input'!$D$2 -> 0 | P39: =C39*'1-Data Input'!$D$3 -> 0 | Q39: =D39*'1-Data Input'!$D$4 -> 0 | R39: =E39*'1-Data Input'!$D$5 -> 0 | S39: =F39*'1-Data Input'!$D$6 -> 0 | T39: =G39*'1-Data Input'!$D$7 -> 0 | U39: =H39*'1-Data Input'!$D$8 -> 0 | V39: =I39*'1-Data Input'!$D$9 -> 0 | W39: =J39*'1-Data Input'!$D$10 -> 0 | X39: =K39*'1-Data Input'!$D$11 -> 0 | Y39: =L39*'1-Data Input'!$D$12 -> 0 | Z39: =M39*'1-Data Input'!$D$13 -> 0
A40: 0.375 | B40: 0.048947209 | C40: 0.052050384 | D40: 0.052572855 | E40: 0.051513182 | F40: 0.052940197 | G40: 0.049394248 | H40: 0.049626745 | I40: 0.04902479 | J40: 0.04841096 | K40: 0.048354881 | L40: 0.049806305 | M40: 0.052144082 | N40: 0.375 | O40: =B40*'1-Data Input'!$D$2 -> 0 | P40: =C40*'1-Data Input'!$D$3 -> 0 | Q40: =D40*'1-Data Input'!$D$4 -> 0 | R40: =E40*'1-Data Input'!$D$5 -> 0 | S40: =F40*'1-Data Input'!$D$6 -> 0 | T40: =G40*'1-Data Input'!$D$7 -> 0 | U40: =H40*'1-Data Input'!$D$8 -> 0 | V40: =I40*'1-Data Input'!$D$9 -> 0 | W40: =J40*'1-Data Input'!$D$10 -> 0 | X40: =K40*'1-Data Input'!$D$11 -> 0 | Y40: =L40*'1-Data Input'!$D$12 -> 0 | Z40: =M40*'1-Data Input'!$D$13 -> 0
A41: 0.41666667 | B41: 0.052634104 | C41: 0.051677708 | D41: 0.052046203 | E41: 0.052075643 | F41: 0.052090183 | G41: 0.050180708 | H41: 0.050669774 | I41: 0.05130925 | J41: 0.049197501 | K41: 0.050324379 | L41: 0.049794907 | M41: 0.052126621 | N41: 0.41666667 | O41: =B41*'1-Data Input'!$D$2 -> 0 | P41: =C41*'1-Data Input'!$D$3 -> 0 | Q41: =D41*'1-Data Input'!$D$4 -> 0 | R41: =E41*'1-Data Input'!$D$5 -> 0 | S41: =F41*'1-Data Input'!$D$6 -> 0 | T41: =G41*'1-Data Input'!$D$7 -> 0 | U41: =H41*'1-Data Input'!$D$8 -> 0 | V41: =I41*'1-Data Input'!$D$9 -> 0 | W41: =J41*'1-Data Input'!$D$10 -> 0 | X41: =K41*'1-Data Input'!$D$11 -> 0 | Y41: =L41*'1-Data Input'!$D$12 -> 0 | Z41: =M41*'1-Data Input'!$D$13 -> 0
A42: 0.45833333 | B42: 0.051077827 | C42: 0.04981893 | D42: 0.053024743 | E42: 0.051358213 | F42: 0.05211219 | G42: 0.050740646 | H42: 0.050795238 | I42: 0.051954089 | J42: 0.050033706 | K42: 0.05080127 | L42: 0.050137714 | M42: 0.052588905 | N42: 0.45833333 | O42: =B42*'1-Data Input'!$D$2 -> 0 | P42: =C42*'1-Data Input'!$D$3 -> 0 | Q42: =D42*'1-Data Input'!$D$4 -> 0 | R42: =E42*'1-Data Input'!$D$5 -> 0 | S42: =F42*'1-Data Input'!$D$6 -> 0 | T42: =G42*'1-Data Input'!$D$7 -> 0 | U42: =H42*'1-Data Input'!$D$8 -> 0 | V42: =I42*'1-Data Input'!$D$9 -> 0 | W42: =J42*'1-Data Input'!$D$10 -> 0 | X42: =K42*'1-Data Input'!$D$11 -> 0 | Y42: =L42*'1-Data Input'!$D$12 -> 0 | Z42: =M42*'1-Data Input'!$D$13 -> 0
... A54: 0.95833333 | B54: 0.032854748 | C54: 0.033172745 | D54: 0.032876666 | E54: 0.032365633 | F54: 0.032229013 | G54: 0.033128022 | H54: 0.032912204 | I54: 0.033430263 | J54: 0.034988175 | K54: 0.033436556 | L54: 0.033394183 | M54: 0.031927493 | N54: 0.95833333 | O54: =B54*'1-Data Input'!$D$2 -> 0 | P54: =C54*'1-Data Input'!$D$3 -> 0 | Q54: =D54*'1-Data Input'!$D$4 -> 0 | R54: =E54*'1-Data Input'!$D$5 -> 0 | S54: =F54*'1-Data Input'!$D$6 -> 0 | T54: =G54*'1-Data Input'!$D$7 -> 0 | U54: =H54*'1-Data Input'!$D$8 -> 0 | V54: =I54*'1-Data Input'!$D$9 -> 0 | W54: =J54*'1-Data Input'!$D$10 -> 0 | X54: =K54*'1-Data Input'!$D$11 -> 0 | Y54: =L54*'1-Data Input'!$D$12 -> 0 | Z54: =M54*'1-Data Input'!$D$13 -> 0
A55: Consumption profile : | G55: Supermarket with gas heating, with A/C
A56: Relative Consumption | N56: Extrapolated Consumption
A57: H | B57: Jan | C57: Feb | D57: Mar | E57: Apr | F57: May | G57: Jun | H57: Jul | I57: Aug | J57: Sep | K57: Oct | L57: Nov | M57: Dec | N57: H | O57: Jan | P57: Feb | Q57: Mar | R57: Apr | S57: May | T57: Jun | U57: Jul | V57: Aug | W57: Sep | X57: Oct | Y57: Nov | Z57: Dec
A58: 0 | B58: 0.031716993 | C58: 0.03289899 | D58: 0.032635343 | E58: 0.034075372 | F58: 0.031788876 | G58: 0.032336472 | H58: 0.032914413 | I58: 0.032523731 | J58: 0.033621449 | K58: 0.033560424 | L58: 0.033132433 | M58: 0.032021031 | N58: 0 | O58: =B58*'1-Data Input'!$D$2 -> 0 | P58: =C58*'1-Data Input'!$D$3 -> 0 | Q58: =D58*'1-Data Input'!$D$4 -> 0 | R58: =E58*'1-Data Input'!$D$5 -> 0 | S58: =F58*'1-Data Input'!$D$6 -> 0 | T58: =G58*'1-Data Input'!$D$7 -> 0 | U58: =H58*'1-Data Input'!$D$8 -> 0 | V58: =I58*'1-Data Input'!$D$9 -> 0 | W58: =J58*'1-Data Input'!$D$10 -> 0 | X58: =K58*'1-Data Input'!$D$11 -> 0 | Y58: =L58*'1-Data Input'!$D$12 -> 0 | Z58: =M58*'1-Data Input'!$D$13 -> 0
A59: 0.041666667 | B59: 0.032567815 | C59: 0.033645722 | D59: 0.033495587 | E59: 0.032637972 | F59: 0.03217471 | G59: 0.031574446 | H59: 0.032210666 | I59: 0.032110877 | J59: 0.0335637 | K59: 0.03306805 | L59: 0.032605557 | M59: 0.03239694 | N59: 0.041666667 | O59: =B59*'1-Data Input'!$D$2 -> 0 | P59: =C59*'1-Data Input'!$D$3 -> 0 | Q59: =D59*'1-Data Input'!$D$4 -> 0 | R59: =E59*'1-Data Input'!$D$5 -> 0 | S59: =F59*'1-Data Input'!$D$6 -> 0 | T59: =G59*'1-Data Input'!$D$7 -> 0 | U59: =H59*'1-Data Input'!$D$8 -> 0 | V59: =I59*'1-Data Input'!$D$9 -> 0 | W59: =J59*'1-Data Input'!$D$10 -> 0 | X59: =K59*'1-Data Input'!$D$11 -> 0 | Y59: =L59*'1-Data Input'!$D$12 -> 0 | Z59: =M59*'1-Data Input'!$D$13 -> 0
A60: 0.083333333 | B60: 0.032911754 | C60: 0.032243356 | D60: 0.032100648 | E60: 0.032914375 | F60: 0.031324898 | G60: 0.03122423 | H60: 0.032099339 | I60: 0.032058451 | J60: 0.03246262 | K60: 0.033560424 | L60: 0.031781468 | M60: 0.032049352 | N60: 0.083333333 | O60: =B60*'1-Data Input'!$D$2 -> 0 | P60: =C60*'1-Data Input'!$D$3 -> 0 | Q60: =D60*'1-Data Input'!$D$4 -> 0 | R60: =E60*'1-Data Input'!$D$5 -> 0 | S60: =F60*'1-Data Input'!$D$6 -> 0 | T60: =G60*'1-Data Input'!$D$7 -> 0 | U60: =H60*'1-Data Input'!$D$8 -> 0 | V60: =I60*'1-Data Input'!$D$9 -> 0 | W60: =J60*'1-Data Input'!$D$10 -> 0 | X60: =K60*'1-Data Input'!$D$11 -> 0 | Y60: =L60*'1-Data Input'!$D$12 -> 0 | Z60: =M60*'1-Data Input'!$D$13 -> 0
A61: 0.125 | B61: 0.032572091 | C61: 0.033692651 | D61: 0.033203161 | E61: 0.03325988 | F61: 0.029766998 | G61: 0.031878341 | H61: 0.031708369 | I61: 0.031357255 | J61: 0.031917855 | K61: 0.032596578 | L61: 0.033214758 | M61: 0.031809012 | N61: 0.125 | O61: =B61*'1-Data Input'!$D$2 -> 0 | P61: =C61*'1-Data Input'!$D$3 -> 0 | Q61: =D61*'1-Data Input'!$D$4 -> 0 | R61: =E61*'1-Data Input'!$D$5 -> 0 | S61: =F61*'1-Data Input'!$D$6 -> 0 | T61: =G61*'1-Data Input'!$D$7 -> 0 | U61: =H61*'1-Data Input'!$D$8 -> 0 | V61: =I61*'1-Data Input'!$D$9 -> 0 | W61: =J61*'1-Data Input'!$D$10 -> 0 | X61: =K61*'1-Data Input'!$D$11 -> 0 | Y61: =L61*'1-Data Input'!$D$12 -> 0 | Z61: =M61*'1-Data Input'!$D$13 -> 0
A62: 0.16666667 | B62: 0.035024795 | C62: 0.035837607 | D62: 0.035426169 | E62: 0.035497529 | F62: 0.033512011 | G62: 0.034445406 | H62: 0.03423046 | I62: 0.032624651 | J62: 0.033457442 | K62: 0.03366726 | L62: 0.03331988 | M62: 0.033039967 | N62: 0.16666667 | O62: =B62*'1-Data Input'!$D$2 -> 0 | P62: =C62*'1-Data Input'!$D$3 -> 0 | Q62: =D62*'1-Data Input'!$D$4 -> 0 | R62: =E62*'1-Data Input'!$D$5 -> 0 | S62: =F62*'1-Data Input'!$D$6 -> 0 | T62: =G62*'1-Data Input'!$D$7 -> 0 | U62: =H62*'1-Data Input'!$D$8 -> 0 | V62: =I62*'1-Data Input'!$D$9 -> 0 | W62: =J62*'1-Data Input'!$D$10 -> 0 | X62: =K62*'1-Data Input'!$D$11 -> 0 | Y62: =L62*'1-Data Input'!$D$12 -> 0 | Z62: =M62*'1-Data Input'!$D$13 -> 0
A63: 0.20833333 | B63: 0.041358218 | C63: 0.042595461 | D63: 0.0434854 | E63: 0.042903517 | F63: 0.04438779 | G63: 0.04704505 | H63: 0.042604738 | I63: 0.043487302 | J63: 0.042310744 | K63: 0.042293102 | L63: 0.04243721 | M63: 0.042852682 | N63: 0.20833333 | O63: =B63*'1-Data Input'!$D$2 -> 0 | P63: =C63*'1-Data Input'!$D$3 -> 0 | Q63: =D63*'1-Data Input'!$D$4 -> 0 | R63: =E63*'1-Data Input'!$D$5 -> 0 | S63: =F63*'1-Data Input'!$D$6 -> 0 | T63: =G63*'1-Data Input'!$D$7 -> 0 | U63: =H63*'1-Data Input'!$D$8 -> 0 | V63: =I63*'1-Data Input'!$D$9 -> 0 | W63: =J63*'1-Data Input'!$D$10 -> 0 | X63: =K63*'1-Data Input'!$D$11 -> 0 | Y63: =L63*'1-Data Input'!$D$12 -> 0 | Z63: =M63*'1-Data Input'!$D$13 -> 0
A64: 0.25 | B64: 0.050856927 | C64: 0.049828132 | D64: 0.047512176 | E64: 0.047290915 | F64: 0.053154764 | G64: 0.052982947 | H64: 0.049494212 | I64: 0.051056295 | J64: 0.048820978 | K64: 0.050607726 | L64: 0.050933517 | M64: 0.052680364 | N64: 0.25 | O64: =B64*'1-Data Input'!$D$2 -> 0 | P64: =C64*'1-Data Input'!$D$3 -> 0 | Q64: =D64*'1-Data Input'!$D$4 -> 0 | R64: =E64*'1-Data Input'!$D$5 -> 0 | S64: =F64*'1-Data Input'!$D$6 -> 0 | T64: =G64*'1-Data Input'!$D$7 -> 0 | U64: =H64*'1-Data Input'!$D$8 -> 0 | V64: =I64*'1-Data Input'!$D$9 -> 0 | W64: =J64*'1-Data Input'!$D$10 -> 0 | X64: =K64*'1-Data Input'!$D$11 -> 0 | Y64: =L64*'1-Data Input'!$D$12 -> 0 | Z64: =M64*'1-Data Input'!$D$13 -> 0
A65: 0.29166667 | B65: 0.050114417 | C65: 0.049513428 | D65: 0.049723827 | E65: 0.050197725 | F65: 0.050334037 | G65: 0.049533215 | H65: 0.048718898 | I65: 0.048782321 | J65: 0.046915262 | K65: 0.049102733 | L65: 0.050433238 | M65: 0.05074476 | N65: 0.29166667 | O65: =B65*'1-Data Input'!$D$2 -> 0 | P65: =C65*'1-Data Input'!$D$3 -> 0 | Q65: =D65*'1-Data Input'!$D$4 -> 0 | R65: =E65*'1-Data Input'!$D$5 -> 0 | S65: =F65*'1-Data Input'!$D$6 -> 0 | T65: =G65*'1-Data Input'!$D$7 -> 0 | U65: =H65*'1-Data Input'!$D$8 -> 0 | V65: =I65*'1-Data Input'!$D$9 -> 0 | W65: =J65*'1-Data Input'!$D$10 -> 0 | X65: =K65*'1-Data Input'!$D$11 -> 0 | Y65: =L65*'1-Data Input'!$D$12 -> 0 | Z65: =M65*'1-Data Input'!$D$13 -> 0
A66: 0.33333333 | B66: 0.05241748 | C66: 0.051015173 | D66: 0.049097335 | E66: 0.050829795 | F66: 0.049922509 | G66: 0.04992619 | H66: 0.047181523 | I66: 0.047489148 | J66: 0.047816146 | K66: 0.049214214 | L66: 0.050011061 | M66: 0.050801298 | N66: 0.33333333 | O66: =B66*'1-Data Input'!$D$2 -> 0 | P66: =C66*'1-Data Input'!$D$3 -> 0 | Q66: =D66*'1-Data Input'!$D$4 -> 0 | R66: =E66*'1-Data Input'!$D$5 -> 0 | S66: =F66*'1-Data Input'!$D$6 -> 0 | T66: =G66*'1-Data Input'!$D$7 -> 0 | U66: =H66*'1-Data Input'!$D$8 -> 0 | V66: =I66*'1-Data Input'!$D$9 -> 0 | W66: =J66*'1-Data Input'!$D$10 -> 0 | X66: =K66*'1-Data Input'!$D$11 -> 0 | Y66: =L66*'1-Data Input'!$D$12 -> 0 | Z66: =M66*'1-Data Input'!$D$13 -> 0
A67: 0.375 | B67: 0.048947209 | C67: 0.052050384 | D67: 0.052572855 | E67: 0.051513182 | F67: 0.052940197 | G67: 0.049394248 | H67: 0.049626745 | I67: 0.04902479 | J67: 0.04841096 | K67: 0.048354881 | L67: 0.049806305 | M67: 0.052144082 | N67: 0.375 | O67: =B67*'1-Data Input'!$D$2 -> 0 | P67: =C67*'1-Data Input'!$D$3 -> 0 | Q67: =D67*'1-Data Input'!$D$4 -> 0 | R67: =E67*'1-Data Input'!$D$5 -> 0 | S67: =F67*'1-Data Input'!$D$6 -> 0 | T67: =G67*'1-Data Input'!$D$7 -> 0 | U67: =H67*'1-Data Input'!$D$8 -> 0 | V67: =I67*'1-Data Input'!$D$9 -> 0 | W67: =J67*'1-Data Input'!$D$10 -> 0 | X67: =K67*'1-Data Input'!$D$11 -> 0 | Y67: =L67*'1-Data Input'!$D$12 -> 0 | Z67: =M67*'1-Data Input'!$D$13 -> 0
A68: 0.41666667 | B68: 0.052634104 | C68: 0.051677708 | D68: 0.052046203 | E68: 0.052075643 | F68: 0.052090183 | G68: 0.050180708 | H68: 0.050669774 | I68: 0.05130925 | J68: 0.049197501 | K68: 0.050324379 | L68: 0.049794907 | M68: 0.052126621 | N68: 0.41666667 | O68: =B68*'1-Data Input'!$D$2 -> 0 | P68: =C68*'1-Data Input'!$D$3 -> 0 | Q68: =D68*'1-Data Input'!$D$4 -> 0 | R68: =E68*'1-Data Input'!$D$5 -> 0 | S68: =F68*'1-Data Input'!$D$6 -> 0 | T68: =G68*'1-Data Input'!$D$7 -> 0 | U68: =H68*'1-Data Input'!$D$8 -> 0 | V68: =I68*'1-Data Input'!$D$9 -> 0 | W68: =J68*'1-Data Input'!$D$10 -> 0 | X68: =K68*'1-Data Input'!$D$11 -> 0 | Y68: =L68*'1-Data Input'!$D$12 -> 0 | Z68: =M68*'1-Data Input'!$D$13 -> 0
A69: 0.45833333 | B69: 0.051077827 | C69: 0.04981893 | D69: 0.053024743 | E69: 0.051358213 | F69: 0.05211219 | G69: 0.050740646 | H69: 0.050795238 | I69: 0.051954089 | J69: 0.050033706 | K69: 0.05080127 | L69: 0.050137714 | M69: 0.052588905 | N69: 0.45833333 | O69: =B69*'1-Data Input'!$D$2 -> 0 | P69: =C69*'1-Data Input'!$D$3 -> 0 | Q69: =D69*'1-Data Input'!$D$4 -> 0 | R69: =E69*'1-Data Input'!$D$5 -> 0 | S69: =F69*'1-Data Input'!$D$6 -> 0 | T69: =G69*'1-Data Input'!$D$7 -> 0 | U69: =H69*'1-Data Input'!$D$8 -> 0 | V69: =I69*'1-Data Input'!$D$9 -> 0 | W69: =J69*'1-Data Input'!$D$10 -> 0 | X69: =K69*'1-Data Input'!$D$11 -> 0 | Y69: =L69*'1-Data Input'!$D$12 -> 0 | Z69: =M69*'1-Data Input'!$D$13 -> 0
... A81: 0.95833333 | B81: 0.032854748 | C81: 0.033172745 | D81: 0.032876666 | E81: 0.032365633 | F81: 0.032229013 | G81: 0.033128022 | H81: 0.032912204 | I81: 0.033430263 | J81: 0.034988175 | K81: 0.033436556 | L81: 0.033394183 | M81: 0.031927493 | N81: 0.95833333 | O81: =B81*'1-Data Input'!$D$2 -> 0 | P81: =C81*'1-Data Input'!$D$3 -> 0 | Q81: =D81*'1-Data Input'!$D$4 -> 0 | R81: =E81*'1-Data Input'!$D$5 -> 0 | S81: =F81*'1-Data Input'!$D$6 -> 0 | T81: =G81*'1-Data Input'!$D$7 -> 0 | U81: =H81*'1-Data Input'!$D$8 -> 0 | V81: =I81*'1-Data Input'!$D$9 -> 0 | W81: =J81*'1-Data Input'!$D$10 -> 0 | X81: =K81*'1-Data Input'!$D$11 -> 0 | Y81: =L81*'1-Data Input'!$D$12 -> 0 | Z81: =M81*'1-Data Input'!$D$13 -> 0
A82: Consumption profile : | G82: Supermarket with gas heating, no A/C
A83: Relative Consumption | N83: Extrapolated Consumption
A84: H | B84: Jan | C84: Feb | D84: Mar | E84: Apr | F84: May | G84: Jun | H84: Jul | I84: Aug | J84: Sep | K84: Oct | L84: Nov | M84: Dec | N84: H | O84: Jan | P84: Feb | Q84: Mar | R84: Apr | S84: May | T84: Jun | U84: Jul | V84: Aug | W84: Sep | X84: Oct | Y84: Nov | Z84: Dec
A85: 0 | B85: 0.031716993 | C85: 0.03289899 | D85: 0.032635343 | E85: 0.034075372 | F85: 0.031788876 | G85: 0.032336472 | H85: 0.032914413 | I85: 0.032523731 | J85: 0.033621449 | K85: 0.033560424 | L85: 0.033132433 | M85: 0.032021031 | N85: 0 | O85: =B85*'1-Data Input'!$D$2 -> 0 | P85: =C85*'1-Data Input'!$D$3 -> 0 | Q85: =D85*'1-Data Input'!$D$4 -> 0 | R85: =E85*'1-Data Input'!$D$5 -> 0 | S85: =F85*'1-Data Input'!$D$6 -> 0 | T85: =G85*'1-Data Input'!$D$7 -> 0 | U85: =H85*'1-Data Input'!$D$8 -> 0 | V85: =I85*'1-Data Input'!$D$9 -> 0 | W85: =J85*'1-Data Input'!$D$10 -> 0 | X85: =K85*'1-Data Input'!$D$11 -> 0 | Y85: =L85*'1-Data Input'!$D$12 -> 0 | Z85: =M85*'1-Data Input'!$D$13 -> 0
A86: 0.041666667 | B86: 0.032567815 | C86: 0.033645722 | D86: 0.033495587 | E86: 0.032637972 | F86: 0.03217471 | G86: 0.031574446 | H86: 0.032210666 | I86: 0.032110877 | J86: 0.0335637 | K86: 0.03306805 | L86: 0.032605557 | M86: 0.03239694 | N86: 0.041666667 | O86: =B86*'1-Data Input'!$D$2 -> 0 | P86: =C86*'1-Data Input'!$D$3 -> 0 | Q86: =D86*'1-Data Input'!$D$4 -> 0 | R86: =E86*'1-Data Input'!$D$5 -> 0 | S86: =F86*'1-Data Input'!$D$6 -> 0 | T86: =G86*'1-Data Input'!$D$7 -> 0 | U86: =H86*'1-Data Input'!$D$8 -> 0 | V86: =I86*'1-Data Input'!$D$9 -> 0 | W86: =J86*'1-Data Input'!$D$10 -> 0 | X86: =K86*'1-Data Input'!$D$11 -> 0 | Y86: =L86*'1-Data Input'!$D$12 -> 0 | Z86: =M86*'1-Data Input'!$D$13 -> 0
A87: 0.083333333 | B87: 0.032911754 | C87: 0.032243356 | D87: 0.032100648 | E87: 0.032914375 | F87: 0.031324898 | G87: 0.03122423 | H87: 0.032099339 | I87: 0.032058451 | J87: 0.03246262 | K87: 0.033560424 | L87: 0.031781468 | M87: 0.032049352 | N87: 0.083333333 | O87: =B87*'1-Data Input'!$D$2 -> 0 | P87: =C87*'1-Data Input'!$D$3 -> 0 | Q87: =D87*'1-Data Input'!$D$4 -> 0 | R87: =E87*'1-Data Input'!$D$5 -> 0 | S87: =F87*'1-Data Input'!$D$6 -> 0 | T87: =G87*'1-Data Input'!$D$7 -> 0 | U87: =H87*'1-Data Input'!$D$8 -> 0 | V87: =I87*'1-Data Input'!$D$9 -> 0 | W87: =J87*'1-Data Input'!$D$10 -> 0 | X87: =K87*'1-Data Input'!$D$11 -> 0 | Y87: =L87*'1-Data Input'!$D$12 -> 0 | Z87: =M87*'1-Data Input'!$D$13 -> 0
A88: 0.125 | B88: 0.032572091 | C88: 0.033692651 | D88: 0.033203161 | E88: 0.03325988 | F88: 0.029766998 | G88: 0.031878341 | H88: 0.031708369 | I88: 0.031357255 | J88: 0.031917855 | K88: 0.032596578 | L88: 0.033214758 | M88: 0.031809012 | N88: 0.125 | O88: =B88*'1-Data Input'!$D$2 -> 0 | P88: =C88*'1-Data Input'!$D$3 -> 0 | Q88: =D88*'1-Data Input'!$D$4 -> 0 | R88: =E88*'1-Data Input'!$D$5 -> 0 | S88: =F88*'1-Data Input'!$D$6 -> 0 | T88: =G88*'1-Data Input'!$D$7 -> 0 | U88: =H88*'1-Data Input'!$D$8 -> 0 | V88: =I88*'1-Data Input'!$D$9 -> 0 | W88: =J88*'1-Data Input'!$D$10 -> 0 | X88: =K88*'1-Data Input'!$D$11 -> 0 | Y88: =L88*'1-Data Input'!$D$12 -> 0 | Z88: =M88*'1-Data Input'!$D$13 -> 0
A89: 0.16666667 | B89: 0.035024795 | C89: 0.035837607 | D89: 0.035426169 | E89: 0.035497529 | F89: 0.033512011 | G89: 0.034445406 | H89: 0.03423046 | I89: 0.032624651 | J89: 0.033457442 | K89: 0.03366726 | L89: 0.03331988 | M89: 0.033039967 | N89: 0.16666667 | O89: =B89*'1-Data Input'!$D$2 -> 0 | P89: =C89*'1-Data Input'!$D$3 -> 0 | Q89: =D89*'1-Data Input'!$D$4 -> 0 | R89: =E89*'1-Data Input'!$D$5 -> 0 | S89: =F89*'1-Data Input'!$D$6 -> 0 | T89: =G89*'1-Data Input'!$D$7 -> 0 | U89: =H89*'1-Data Input'!$D$8 -> 0 | V89: =I89*'1-Data Input'!$D$9 -> 0 | W89: =J89*'1-Data Input'!$D$10 -> 0 | X89: =K89*'1-Data Input'!$D$11 -> 0 | Y89: =L89*'1-Data Input'!$D$12 -> 0 | Z89: =M89*'1-Data Input'!$D$13 -> 0
A90: 0.20833333 | B90: 0.041358218 | C90: 0.042595461 | D90: 0.0434854 | E90: 0.042903517 | F90: 0.04438779 | G90: 0.04704505 | H90: 0.042604738 | I90: 0.043487302 | J90: 0.042310744 | K90: 0.042293102 | L90: 0.04243721 | M90: 0.042852682 | N90: 0.20833333 | O90: =B90*'1-Data Input'!$D$2 -> 0 | P90: =C90*'1-Data Input'!$D$3 -> 0 | Q90: =D90*'1-Data Input'!$D$4 -> 0 | R90: =E90*'1-Data Input'!$D$5 -> 0 | S90: =F90*'1-Data Input'!$D$6 -> 0 | T90: =G90*'1-Data Input'!$D$7 -> 0 | U90: =H90*'1-Data Input'!$D$8 -> 0 | V90: =I90*'1-Data Input'!$D$9 -> 0 | W90: =J90*'1-Data Input'!$D$10 -> 0 | X90: =K90*'1-Data Input'!$D$11 -> 0 | Y90: =L90*'1-Data Input'!$D$12 -> 0 | Z90: =M90*'1-Data Input'!$D$13 -> 0
A91: 0.25 | B91: 0.050856927 | C91: 0.049828132 | D91: 0.047512176 | E91: 0.047290915 | F91: 0.053154764 | G91: 0.052982947 | H91: 0.049494212 | I91: 0.051056295 | J91: 0.048820978 | K91: 0.050607726 | L91: 0.050933517 | M91: 0.052680364 | N91: 0.25 | O91: =B91*'1-Data Input'!$D$2 -> 0 | P91: =C91*'1-Data Input'!$D$3 -> 0 | Q91: =D91*'1-Data Input'!$D$4 -> 0 | R91: =E91*'1-Data Input'!$D$5 -> 0 | S91: =F91*'1-Data Input'!$D$6 -> 0 | T91: =G91*'1-Data Input'!$D$7 -> 0 | U91: =H91*'1-Data Input'!$D$8 -> 0 | V91: =I91*'1-Data Input'!$D$9 -> 0 | W91: =J91*'1-Data Input'!$D$10 -> 0 | X91: =K91*'1-Data Input'!$D$11 -> 0 | Y91: =L91*'1-Data Input'!$D$12 -> 0 | Z91: =M91*'1-Data Input'!$D$13 -> 0
A92: 0.29166667 | B92: 0.050114417 | C92: 0.049513428 | D92: 0.049723827 | E92: 0.050197725 | F92: 0.050334037 | G92: 0.049533215 | H92: 0.048718898 | I92: 0.048782321 | J92: 0.046915262 | K92: 0.049102733 | L92: 0.050433238 | M92: 0.05074476 | N92: 0.29166667 | O92: =B92*'1-Data Input'!$D$2 -> 0 | P92: =C92*'1-Data Input'!$D$3 -> 0 | Q92: =D92*'1-Data Input'!$D$4 -> 0 | R92: =E92*'1-Data Input'!$D$5 -> 0 | S92: =F92*'1-Data Input'!$D$6 -> 0 | T92: =G92*'1-Data Input'!$D$7 -> 0 | U92: =H92*'1-Data Input'!$D$8 -> 0 | V92: =I92*'1-Data Input'!$D$9 -> 0 | W92: =J92*'1-Data Input'!$D$10 -> 0 | X92: =K92*'1-Data Input'!$D$11 -> 0 | Y92: =L92*'1-Data Input'!$D$12 -> 0 | Z92: =M92*'1-Data Input'!$D$13 -> 0
A93: 0.33333333 | B93: 0.05241748 | C93: 0.051015173 | D93: 0.049097335 | E93: 0.050829795 | F93: 0.049922509 | G93: 0.04992619 | H93: 0.047181523 | I93: 0.047489148 | J93: 0.047816146 | K93: 0.049214214 | L93: 0.050011061 | M93: 0.050801298 | N93: 0.33333333 | O93: =B93*'1-Data Input'!$D$2 -> 0 | P93: =C93*'1-Data Input'!$D$3 -> 0 | Q93: =D93*'1-Data Input'!$D$4 -> 0 | R93: =E93*'1-Data Input'!$D$5 -> 0 | S93: =F93*'1-Data Input'!$D$6 -> 0 | T93: =G93*'1-Data Input'!$D$7 -> 0 | U93: =H93*'1-Data Input'!$D$8 -> 0 | V93: =I93*'1-Data Input'!$D$9 -> 0 | W93: =J93*'1-Data Input'!$D$10 -> 0 | X93: =K93*'1-Data Input'!$D$11 -> 0 | Y93: =L93*'1-Data Input'!$D$12 -> 0 | Z93: =M93*'1-Data Input'!$D$13 -> 0
A94: 0.375 | B94: 0.048947209 | C94: 0.052050384 | D94: 0.052572855 | E94: 0.051513182 | F94: 0.052940197 | G94: 0.049394248 | H94: 0.049626745 | I94: 0.04902479 | J94: 0.04841096 | K94: 0.048354881 | L94: 0.049806305 | M94: 0.052144082 | N94: 0.375 | O94: =B94*'1-Data Input'!$D$2 -> 0 | P94: =C94*'1-Data Input'!$D$3 -> 0 | Q94: =D94*'1-Data Input'!$D$4 -> 0 | R94: =E94*'1-Data Input'!$D$5 -> 0 | S94: =F94*'1-Data Input'!$D$6 -> 0 | T94: =G94*'1-Data Input'!$D$7 -> 0 | U94: =H94*'1-Data Input'!$D$8 -> 0 | V94: =I94*'1-Data Input'!$D$9 -> 0 | W94: =J94*'1-Data Input'!$D$10 -> 0 | X94: =K94*'1-Data Input'!$D$11 -> 0 | Y94: =L94*'1-Data Input'!$D$12 -> 0 | Z94: =M94*'1-Data Input'!$D$13 -> 0
A95: 0.41666667 | B95: 0.052634104 | C95: 0.051677708 | D95: 0.052046203 | E95: 0.052075643 | F95: 0.052090183 | G95: 0.050180708 | H95: 0.050669774 | I95: 0.05130925 | J95: 0.049197501 | K95: 0.050324379 | L95: 0.049794907 | M95: 0.052126621 | N95: 0.41666667 | O95: =B95*'1-Data Input'!$D$2 -> 0 | P95: =C95*'1-Data Input'!$D$3 -> 0 | Q95: =D95*'1-Data Input'!$D$4 -> 0 | R95: =E95*'1-Data Input'!$D$5 -> 0 | S95: =F95*'1-Data Input'!$D$6 -> 0 | T95: =G95*'1-Data Input'!$D$7 -> 0 | U95: =H95*'1-Data Input'!$D$8 -> 0 | V95: =I95*'1-Data Input'!$D$9 -> 0 | W95: =J95*'1-Data Input'!$D$10 -> 0 | X95: =K95*'1-Data Input'!$D$11 -> 0 | Y95: =L95*'1-Data Input'!$D$12 -> 0 | Z95: =M95*'1-Data Input'!$D$13 -> 0
A96: 0.45833333 | B96: 0.051077827 | C96: 0.04981893 | D96: 0.053024743 | E96: 0.051358213 | F96: 0.05211219 | G96: 0.050740646 | H96: 0.050795238 | I96: 0.051954089 | J96: 0.050033706 | K96: 0.05080127 | L96: 0.050137714 | M96: 0.052588905 | N96: 0.45833333 | O96: =B96*'1-Data Input'!$D$2 -> 0 | P96: =C96*'1-Data Input'!$D$3 -> 0 | Q96: =D96*'1-Data Input'!$D$4 -> 0 | R96: =E96*'1-Data Input'!$D$5 -> 0 | S96: =F96*'1-Data Input'!$D$6 -> 0 | T96: =G96*'1-Data Input'!$D$7 -> 0 | U96: =H96*'1-Data Input'!$D$8 -> 0 | V96: =I96*'1-Data Input'!$D$9 -> 0 | W96: =J96*'1-Data Input'!$D$10 -> 0 | X96: =K96*'1-Data Input'!$D$11 -> 0 | Y96: =L96*'1-Data Input'!$D$12 -> 0 | Z96: =M96*'1-Data Input'!$D$13 -> 0
... A108: 0.95833333 | B108: 0.032854748 | C108: 0.033172745 | D108: 0.032876666 | E108: 0.032365633 | F108: 0.032229013 | G108: 0.033128022 | H108: 0.032912204 | I108: 0.033430263 | J108: 0.034988175 | K108: 0.033436556 | L108: 0.033394183 | M108: 0.031927493 | N108: 0.95833333 | O108: =B108*'1-Data Input'!$D$2 -> 0 | P108: =C108*'1-Data Input'!$D$3 -> 0 | Q108: =D108*'1-Data Input'!$D$4 -> 0 | R108: =E108*'1-Data Input'!$D$5 -> 0 | S108: =F108*'1-Data Input'!$D$6 -> 0 | T108: =G108*'1-Data Input'!$D$7 -> 0 | U108: =H108*'1-Data Input'!$D$8 -> 0 | V108: =I108*'1-Data Input'!$D$9 -> 0 | W108: =J108*'1-Data Input'!$D$10 -> 0 | X108: =K108*'1-Data Input'!$D$11 -> 0 | Y108: =L108*'1-Data Input'!$D$12 -> 0 | Z108: =M108*'1-Data Input'!$D$13 -> 0
A109: Consumption profile : | G109: Office building with electric heating, with A/C
A110: Relative Consumption | N110: Extrapolated Consumption
A111: H | B111: Jan | C111: Feb | D111: Mar | E111: Apr | F111: May | G111: Jun | H111: Jul | I111: Aug | J111: Sep | K111: Oct | L111: Nov | M111: Dec | N111: H | O111: Jan | P111: Feb | Q111: Mar | R111: Apr | S111: May | T111: Jun | U111: Jul | V111: Aug | W111: Sep | X111: Oct | Y111: Nov | Z111: Dec
A112: 0 | B112: 0.031716993 | C112: 0.03289899 | D112: 0.032635343 | E112: 0.034075372 | F112: 0.031788876 | G112: 0.032336472 | H112: 0.032914413 | I112: 0.032523731 | J112: 0.033621449 | K112: 0.033560424 | L112: 0.033132433 | M112: 0.032021031 | N112: 0 | O112: =B112*'1-Data Input'!$D$2 -> 0 | P112: =C112*'1-Data Input'!$D$3 -> 0 | Q112: =D112*'1-Data Input'!$D$4 -> 0 | R112: =E112*'1-Data Input'!$D$5 -> 0 | S112: =F112*'1-Data Input'!$D$6 -> 0 | T112: =G112*'1-Data Input'!$D$7 -> 0 | U112: =H112*'1-Data Input'!$D$8 -> 0 | V112: =I112*'1-Data Input'!$D$9 -> 0 | W112: =J112*'1-Data Input'!$D$10 -> 0 | X112: =K112*'1-Data Input'!$D$11 -> 0 | Y112: =L112*'1-Data Input'!$D$12 -> 0 | Z112: =M112*'1-Data Input'!$D$13 -> 0
A113: 0.041666667 | B113: 0.032567815 | C113: 0.033645722 | D113: 0.033495587 | E113: 0.032637972 | F113: 0.03217471 | G113: 0.031574446 | H113: 0.032210666 | I113: 0.032110877 | J113: 0.0335637 | K113: 0.03306805 | L113: 0.032605557 | M113: 0.03239694 | N113: 0.041666667 | O113: =B113*'1-Data Input'!$D$2 -> 0 | P113: =C113*'1-Data Input'!$D$3 -> 0 | Q113: =D113*'1-Data Input'!$D$4 -> 0 | R113: =E113*'1-Data Input'!$D$5 -> 0 | S113: =F113*'1-Data Input'!$D$6 -> 0 | T113: =G113*'1-Data Input'!$D$7 -> 0 | U113: =H113*'1-Data Input'!$D$8 -> 0 | V113: =I113*'1-Data Input'!$D$9 -> 0 | W113: =J113*'1-Data Input'!$D$10 -> 0 | X113: =K113*'1-Data Input'!$D$11 -> 0 | Y113: =L113*'1-Data Input'!$D$12 -> 0 | Z113: =M113*'1-Data Input'!$D$13 -> 0
A114: 0.083333333 | B114: 0.032911754 | C114: 0.032243356 | D114: 0.032100648 | E114: 0.032914375 | F114: 0.031324898 | G114: 0.03122423 | H114: 0.032099339 | I114: 0.032058451 | J114: 0.03246262 | K114: 0.033560424 | L114: 0.031781468 | M114: 0.032049352 | N114: 0.083333333 | O114: =B114*'1-Data Input'!$D$2 -> 0 | P114: =C114*'1-Data Input'!$D$3 -> 0 | Q114: =D114*'1-Data Input'!$D$4 -> 0 | R114: =E114*'1-Data Input'!$D$5 -> 0 | S114: =F114*'1-Data Input'!$D$6 -> 0 | T114: =G114*'1-Data Input'!$D$7 -> 0 | U114: =H114*'1-Data Input'!$D$8 -> 0 | V114: =I114*'1-Data Input'!$D$9 -> 0 | W114: =J114*'1-Data Input'!$D$10 -> 0 | X114: =K114*'1-Data Input'!$D$11 -> 0 | Y114: =L114*'1-Data Input'!$D$12 -> 0 | Z114: =M114*'1-Data Input'!$D$13 -> 0
A115: 0.125 | B115: 0.032572091 | C115: 0.033692651 | D115: 0.033203161 | E115: 0.03325988 | F115: 0.029766998 | G115: 0.031878341 | H115: 0.031708369 | I115: 0.031357255 | J115: 0.031917855 | K115: 0.032596578 | L115: 0.033214758 | M115: 0.031809012 | N115: 0.125 | O115: =B115*'1-Data Input'!$D$2 -> 0 | P115: =C115*'1-Data Input'!$D$3 -> 0 | Q115: =D115*'1-Data Input'!$D$4 -> 0 | R115: =E115*'1-Data Input'!$D$5 -> 0 | S115: =F115*'1-Data Input'!$D$6 -> 0 | T115: =G115*'1-Data Input'!$D$7 -> 0 | U115: =H115*'1-Data Input'!$D$8 -> 0 | V115: =I115*'1-Data Input'!$D$9 -> 0 | W115: =J115*'1-Data Input'!$D$10 -> 0 | X115: =K115*'1-Data Input'!$D$11 -> 0 | Y115: =L115*'1-Data Input'!$D$12 -> 0 | Z115: =M115*'1-Data Input'!$D$13 -> 0
A116: 0.16666667 | B116: 0.035024795 | C116: 0.035837607 | D116: 0.035426169 | E116: 0.035497529 | F116: 0.033512011 | G116: 0.034445406 | H116: 0.03423046 | I116: 0.032624651 | J116: 0.033457442 | K116: 0.03366726 | L116: 0.03331988 | M116: 0.033039967 | N116: 0.16666667 | O116: =B116*'1-Data Input'!$D$2 -> 0 | P116: =C116*'1-Data Input'!$D$3 -> 0 | Q116: =D116*'1-Data Input'!$D$4 -> 0 | R116: =E116*'1-Data Input'!$D$5 -> 0 | S116: =F116*'1-Data Input'!$D$6 -> 0 | T116: =G116*'1-Data Input'!$D$7 -> 0 | U116: =H116*'1-Data Input'!$D$8 -> 0 | V116: =I116*'1-Data Input'!$D$9 -> 0 | W116: =J116*'1-Data Input'!$D$10 -> 0 | X116: =K116*'1-Data Input'!$D$11 -> 0 | Y116: =L116*'1-Data Input'!$D$12 -> 0 | Z116: =M116*'1-Data Input'!$D$13 -> 0
A117: 0.20833333 | B117: 0.041358218 | C117: 0.042595461 | D117: 0.0434854 | E117: 0.042903517 | F117: 0.04438779 | G117: 0.04704505 | H117: 0.042604738 | I117: 0.043487302 | J117: 0.042310744 | K117: 0.042293102 | L117: 0.04243721 | M117: 0.042852682 | N117: 0.20833333 | O117: =B117*'1-Data Input'!$D$2 -> 0 | P117: =C117*'1-Data Input'!$D$3 -> 0 | Q117: =D117*'1-Data Input'!$D$4 -> 0 | R117: =E117*'1-Data Input'!$D$5 -> 0 | S117: =F117*'1-Data Input'!$D$6 -> 0 | T117: =G117*'1-Data Input'!$D$7 -> 0 | U117: =H117*'1-Data Input'!$D$8 -> 0 | V117: =I117*'1-Data Input'!$D$9 -> 0 | W117: =J117*'1-Data Input'!$D$10 -> 0 | X117: =K117*'1-Data Input'!$D$11 -> 0 | Y117: =L117*'1-Data Input'!$D$12 -> 0 | Z117: =M117*'1-Data Input'!$D$13 -> 0
A118: 0.25 | B118: 0.050856927 | C118: 0.049828132 | D118: 0.047512176 | E118: 0.047290915 | F118: 0.053154764 | G118: 0.052982947 | H118: 0.049494212 | I118: 0.051056295 | J118: 0.048820978 | K118: 0.050607726 | L118: 0.050933517 | M118: 0.052680364 | N118: 0.25 | O118: =B118*'1-Data Input'!$D$2 -> 0 | P118: =C118*'1-Data Input'!$D$3 -> 0 | Q118: =D118*'1-Data Input'!$D$4 -> 0 | R118: =E118*'1-Data Input'!$D$5 -> 0 | S118: =F118*'1-Data Input'!$D$6 -> 0 | T118: =G118*'1-Data Input'!$D$7 -> 0 | U118: =H118*'1-Data Input'!$D$8 -> 0 | V118: =I118*'1-Data Input'!$D$9 -> 0 | W118: =J118*'1-Data Input'!$D$10 -> 0 | X118: =K118*'1-Data Input'!$D$11 -> 0 | Y118: =L118*'1-Data Input'!$D$12 -> 0 | Z118: =M118*'1-Data Input'!$D$13 -> 0
A119: 0.29166667 | B119: 0.050114417 | C119: 0.049513428 | D119: 0.049723827 | E119: 0.050197725 | F119: 0.050334037 | G119: 0.049533215 | H119: 0.048718898 | I119: 0.048782321 | J119: 0.046915262 | K119: 0.049102733 | L119: 0.050433238 | M119: 0.05074476 | N119: 0.29166667 | O119: =B119*'1-Data Input'!$D$2 -> 0 | P119: =C119*'1-Data Input'!$D$3 -> 0 | Q119: =D119*'1-Data Input'!$D$4 -> 0 | R119: =E119*'1-Data Input'!$D$5 -> 0 | S119: =F119*'1-Data Input'!$D$6 -> 0 | T119: =G119*'1-Data Input'!$D$7 -> 0 | U119: =H119*'1-Data Input'!$D$8 -> 0 | V119: =I119*'1-Data Input'!$D$9 -> 0 | W119: =J119*'1-Data Input'!$D$10 -> 0 | X119: =K119*'1-Data Input'!$D$11 -> 0 | Y119: =L119*'1-Data Input'!$D$12 -> 0 | Z119: =M119*'1-Data Input'!$D$13 -> 0
A120: 0.33333333 | B120: 0.05241748 | C120: 0.051015173 | D120: 0.049097335 | E120: 0.050829795 | F120: 0.049922509 | G120: 0.04992619 | H120: 0.047181523 | I120: 0.047489148 | J120: 0.047816146 | K120: 0.049214214 | L120: 0.050011061 | M120: 0.050801298 | N120: 0.33333333 | O120: =B120*'1-Data Input'!$D$2 -> 0 | P120: =C120*'1-Data Input'!$D$3 -> 0 | Q120: =D120*'1-Data Input'!$D$4 -> 0 | R120: =E120*'1-Data Input'!$D$5 -> 0 | S120: =F120*'1-Data Input'!$D$6 -> 0 | T120: =G120*'1-Data Input'!$D$7 -> 0 | U120: =H120*'1-Data Input'!$D$8 -> 0 | V120: =I120*'1-Data Input'!$D$9 -> 0 | W120: =J120*'1-Data Input'!$D$10 -> 0 | X120: =K120*'1-Data Input'!$D$11 -> 0 | Y120: =L120*'1-Data Input'!$D$12 -> 0 | Z120: =M120*'1-Data Input'!$D$13 -> 0
A121: 0.375 | B121: 0.048947209 | C121: 0.052050384 | D121: 0.052572855 | E121: 0.051513182 | F121: 0.052940197 | G121: 0.049394248 | H121: 0.049626745 | I121: 0.04902479 | J121: 0.04841096 | K121: 0.048354881 | L121: 0.049806305 | M121: 0.052144082 | N121: 0.375 | O121: =B121*'1-Data Input'!$D$2 -> 0 | P121: =C121*'1-Data Input'!$D$3 -> 0 | Q121: =D121*'1-Data Input'!$D$4 -> 0 | R121: =E121*'1-Data Input'!$D$5 -> 0 | S121: =F121*'1-Data Input'!$D$6 -> 0 | T121: =G121*'1-Data Input'!$D$7 -> 0 | U121: =H121*'1-Data Input'!$D$8 -> 0 | V121: =I121*'1-Data Input'!$D$9 -> 0 | W121: =J121*'1-Data Input'!$D$10 -> 0 | X121: =K121*'1-Data Input'!$D$11 -> 0 | Y121: =L121*'1-Data Input'!$D$12 -> 0 | Z121: =M121*'1-Data Input'!$D$13 -> 0
A122: 0.41666667 | B122: 0.052634104 | C122: 0.051677708 | D122: 0.052046203 | E122: 0.052075643 | F122: 0.052090183 | G122: 0.050180708 | H122: 0.050669774 | I122: 0.05130925 | J122: 0.049197501 | K122: 0.050324379 | L122: 0.049794907 | M122: 0.052126621 | N122: 0.41666667 | O122: =B122*'1-Data Input'!$D$2 -> 0 | P122: =C122*'1-Data Input'!$D$3 -> 0 | Q122: =D122*'1-Data Input'!$D$4 -> 0 | R122: =E122*'1-Data Input'!$D$5 -> 0 | S122: =F122*'1-Data Input'!$D$6 -> 0 | T122: =G122*'1-Data Input'!$D$7 -> 0 | U122: =H122*'1-Data Input'!$D$8 -> 0 | V122: =I122*'1-Data Input'!$D$9 -> 0 | W122: =J122*'1-Data Input'!$D$10 -> 0 | X122: =K122*'1-Data Input'!$D$11 -> 0 | Y122: =L122*'1-Data Input'!$D$12 -> 0 | Z122: =M122*'1-Data Input'!$D$13 -> 0
A123: 0.45833333 | B123: 0.051077827 | C123: 0.04981893 | D123: 0.053024743 | E123: 0.051358213 | F123: 0.05211219 | G123: 0.050740646 | H123: 0.050795238 | I123: 0.051954089 | J123: 0.050033706 | K123: 0.05080127 | L123: 0.050137714 | M123: 0.052588905 | N123: 0.45833333 | O123: =B123*'1-Data Input'!$D$2 -> 0 | P123: =C123*'1-Data Input'!$D$3 -> 0 | Q123: =D123*'1-Data Input'!$D$4 -> 0 | R123: =E123*'1-Data Input'!$D$5 -> 0 | S123: =F123*'1-Data Input'!$D$6 -> 0 | T123: =G123*'1-Data Input'!$D$7 -> 0 | U123: =H123*'1-Data Input'!$D$8 -> 0 | V123: =I123*'1-Data Input'!$D$9 -> 0 | W123: =J123*'1-Data Input'!$D$10 -> 0 | X123: =K123*'1-Data Input'!$D$11 -> 0 | Y123: =L123*'1-Data Input'!$D$12 -> 0 | Z123: =M123*'1-Data Input'!$D$13 -> 0
... A135: 0.95833333 | B135: 0.032854748 | C135: 0.033172745 | D135: 0.032876666 | E135: 0.032365633 | F135: 0.032229013 | G135: 0.033128022 | H135: 0.032912204 | I135: 0.033430263 | J135: 0.034988175 | K135: 0.033436556 | L135: 0.033394183 | M135: 0.031927493 | N135: 0.95833333 | O135: =B135*'1-Data Input'!$D$2 -> 0 | P135: =C135*'1-Data Input'!$D$3 -> 0 | Q135: =D135*'1-Data Input'!$D$4 -> 0 | R135: =E135*'1-Data Input'!$D$5 -> 0 | S135: =F135*'1-Data Input'!$D$6 -> 0 | T135: =G135*'1-Data Input'!$D$7 -> 0 | U135: =H135*'1-Data Input'!$D$8 -> 0 | V135: =I135*'1-Data Input'!$D$9 -> 0 | W135: =J135*'1-Data Input'!$D$10 -> 0 | X135: =K135*'1-Data Input'!$D$11 -> 0 | Y135: =L135*'1-Data Input'!$D$12 -> 0 | Z135: =M135*'1-Data Input'!$D$13 -> 0
A136: Consumption profile : | G136: Office building with gas heating, with A/C
A137: Relative Consumption | N137: Extrapolated Consumption
A138: H | B138: Jan | C138: Feb | D138: Mar | E138: Apr | F138: May | G138: Jun | H138: Jul | I138: Aug | J138: Sep | K138: Oct | L138: Nov | M138: Dec | N138: H | O138: Jan | P138: Feb | Q138: Mar | R138: Apr | S138: May | T138: Jun | U138: Jul | V138: Aug | W138: Sep | X138: Oct | Y138: Nov | Z138: Dec
A139: 0 | B139: 0.031716993 | C139: 0.03289899 | D139: 0.032635343 | E139: 0.034075372 | F139: 0.031788876 | G139: 0.032336472 | H139: 0.032914413 | I139: 0.032523731 | J139: 0.033621449 | K139: 0.033560424 | L139: 0.033132433 | M139: 0.032021031 | N139: 0 | O139: =B139*'1-Data Input'!$D$2 -> 0 | P139: =C139*'1-Data Input'!$D$3 -> 0 | Q139: =D139*'1-Data Input'!$D$4 -> 0 | R139: =E139*'1-Data Input'!$D$5 -> 0 | S139: =F139*'1-Data Input'!$D$6 -> 0 | T139: =G139*'1-Data Input'!$D$7 -> 0 | U139: =H139*'1-Data Input'!$D$8 -> 0 | V139: =I139*'1-Data Input'!$D$9 -> 0 | W139: =J139*'1-Data Input'!$D$10 -> 0 | X139: =K139*'1-Data Input'!$D$11 -> 0 | Y139: =L139*'1-Data Input'!$D$12 -> 0 | Z139: =M139*'1-Data Input'!$D$13 -> 0
A140: 0.041666667 | B140: 0.032567815 | C140: 0.033645722 | D140: 0.033495587 | E140: 0.032637972 | F140: 0.03217471 | G140: 0.031574446 | H140: 0.032210666 | I140: 0.032110877 | J140: 0.0335637 | K140: 0.03306805 | L140: 0.032605557 | M140: 0.03239694 | N140: 0.041666667 | O140: =B140*'1-Data Input'!$D$2 -> 0 | P140: =C140*'1-Data Input'!$D$3 -> 0 | Q140: =D140*'1-Data Input'!$D$4 -> 0 | R140: =E140*'1-Data Input'!$D$5 -> 0 | S140: =F140*'1-Data Input'!$D$6 -> 0 | T140: =G140*'1-Data Input'!$D$7 -> 0 | U140: =H140*'1-Data Input'!$D$8 -> 0 | V140: =I140*'1-Data Input'!$D$9 -> 0 | W140: =J140*'1-Data Input'!$D$10 -> 0 | X140: =K140*'1-Data Input'!$D$11 -> 0 | Y140: =L140*'1-Data Input'!$D$12 -> 0 | Z140: =M140*'1-Data Input'!$D$13 -> 0
A141: 0.083333333 | B141: 0.032911754 | C141: 0.032243356 | D141: 0.032100648 | E141: 0.032914375 | F141: 0.031324898 | G141: 0.03122423 | H141: 0.032099339 | I141: 0.032058451 | J141: 0.03246262 | K141: 0.033560424 | L141: 0.031781468 | M141: 0.032049352 | N141: 0.083333333 | O141: =B141*'1-Data Input'!$D$2 -> 0 | P141: =C141*'1-Data Input'!$D$3 -> 0 | Q141: =D141*'1-Data Input'!$D$4 -> 0 | R141: =E141*'1-Data Input'!$D$5 -> 0 | S141: =F141*'1-Data Input'!$D$6 -> 0 | T141: =G141*'1-Data Input'!$D$7 -> 0 | U141: =H141*'1-Data Input'!$D$8 -> 0 | V141: =I141*'1-Data Input'!$D$9 -> 0 | W141: =J141*'1-Data Input'!$D$10 -> 0 | X141: =K141*'1-Data Input'!$D$11 -> 0 | Y141: =L141*'1-Data Input'!$D$12 -> 0 | Z141: =M141*'1-Data Input'!$D$13 -> 0
A142: 0.125 | B142: 0.032572091 | C142: 0.033692651 | D142: 0.033203161 | E142: 0.03325988 | F142: 0.029766998 | G142: 0.031878341 | H142: 0.031708369 | I142: 0.031357255 | J142: 0.031917855 | K142: 0.032596578 | L142: 0.033214758 | M142: 0.031809012 | N142: 0.125 | O142: =B142*'1-Data Input'!$D$2 -> 0 | P142: =C142*'1-Data Input'!$D$3 -> 0 | Q142: =D142*'1-Data Input'!$D$4 -> 0 | R142: =E142*'1-Data Input'!$D$5 -> 0 | S142: =F142*'1-Data Input'!$D$6 -> 0 | T142: =G142*'1-Data Input'!$D$7 -> 0 | U142: =H142*'1-Data Input'!$D$8 -> 0 | V142: =I142*'1-Data Input'!$D$9 -> 0 | W142: =J142*'1-Data Input'!$D$10 -> 0 | X142: =K142*'1-Data Input'!$D$11 -> 0 | Y142: =L142*'1-Data Input'!$D$12 -> 0 | Z142: =M142*'1-Data Input'!$D$13 -> 0
A143: 0.16666667 | B143: 0.035024795 | C143: 0.035837607 | D143: 0.035426169 | E143: 0.035497529 | F143: 0.033512011 | G143: 0.034445406 | H143: 0.03423046 | I143: 0.032624651 | J143: 0.033457442 | K143: 0.03366726 | L143: 0.03331988 | M143: 0.033039967 | N143: 0.16666667 | O143: =B143*'1-Data Input'!$D$2 -> 0 | P143: =C143*'1-Data Input'!$D$3 -> 0 | Q143: =D143*'1-Data Input'!$D$4 -> 0 | R143: =E143*'1-Data Input'!$D$5 -> 0 | S143: =F143*'1-Data Input'!$D$6 -> 0 | T143: =G143*'1-Data Input'!$D$7 -> 0 | U143: =H143*'1-Data Input'!$D$8 -> 0 | V143: =I143*'1-Data Input'!$D$9 -> 0 | W143: =J143*'1-Data Input'!$D$10 -> 0 | X143: =K143*'1-Data Input'!$D$11 -> 0 | Y143: =L143*'1-Data Input'!$D$12 -> 0 | Z143: =M143*'1-Data Input'!$D$13 -> 0
A144: 0.20833333 | B144: 0.041358218 | C144: 0.042595461 | D144: 0.0434854 | E144: 0.042903517 | F144: 0.04438779 | G144: 0.04704505 | H144: 0.042604738 | I144: 0.043487302 | J144: 0.042310744 | K144: 0.042293102 | L144: 0.04243721 | M144: 0.042852682 | N144: 0.20833333 | O144: =B144*'1-Data Input'!$D$2 -> 0 | P144: =C144*'1-Data Input'!$D$3 -> 0 | Q144: =D144*'1-Data Input'!$D$4 -> 0 | R144: =E144*'1-Data Input'!$D$5 -> 0 | S144: =F144*'1-Data Input'!$D$6 -> 0 | T144: =G144*'1-Data Input'!$D$7 -> 0 | U144: =H144*'1-Data Input'!$D$8 -> 0 | V144: =I144*'1-Data Input'!$D$9 -> 0 | W144: =J144*'1-Data Input'!$D$10 -> 0 | X144: =K144*'1-Data Input'!$D$11 -> 0 | Y144: =L144*'1-Data Input'!$D$12 -> 0 | Z144: =M144*'1-Data Input'!$D$13 -> 0
A145: 0.25 | B145: 0.050856927 | C145: 0.049828132 | D145: 0.047512176 | E145: 0.047290915 | F145: 0.053154764 | G145: 0.052982947 | H145: 0.049494212 | I145: 0.051056295 | J145: 0.048820978 | K145: 0.050607726 | L145: 0.050933517 | M145: 0.052680364 | N145: 0.25 | O145: =B145*'1-Data Input'!$D$2 -> 0 | P145: =C145*'1-Data Input'!$D$3 -> 0 | Q145: =D145*'1-Data Input'!$D$4 -> 0 | R145: =E145*'1-Data Input'!$D$5 -> 0 | S145: =F145*'1-Data Input'!$D$6 -> 0 | T145: =G145*'1-Data Input'!$D$7 -> 0 | U145: =H145*'1-Data Input'!$D$8 -> 0 | V145: =I145*'1-Data Input'!$D$9 -> 0 | W145: =J145*'1-Data Input'!$D$10 -> 0 | X145: =K145*'1-Data Input'!$D$11 -> 0 | Y145: =L145*'1-Data Input'!$D$12 -> 0 | Z145: =M145*'1-Data Input'!$D$13 -> 0
A146: 0.29166667 | B146: 0.050114417 | C146: 0.049513428 | D146: 0.049723827 | E146: 0.050197725 | F146: 0.050334037 | G146: 0.049533215 | H146: 0.048718898 | I146: 0.048782321 | J146: 0.046915262 | K146: 0.049102733 | L146: 0.050433238 | M146: 0.05074476 | N146: 0.29166667 | O146: =B146*'1-Data Input'!$D$2 -> 0 | P146: =C146*'1-Data Input'!$D$3 -> 0 | Q146: =D146*'1-Data Input'!$D$4 -> 0 | R146: =E146*'1-Data Input'!$D$5 -> 0 | S146: =F146*'1-Data Input'!$D$6 -> 0 | T146: =G146*'1-Data Input'!$D$7 -> 0 | U146: =H146*'1-Data Input'!$D$8 -> 0 | V146: =I146*'1-Data Input'!$D$9 -> 0 | W146: =J146*'1-Data Input'!$D$10 -> 0 | X146: =K146*'1-Data Input'!$D$11 -> 0 | Y146: =L146*'1-Data Input'!$D$12 -> 0 | Z146: =M146*'1-Data Input'!$D$13 -> 0
A147: 0.33333333 | B147: 0.05241748 | C147: 0.051015173 | D147: 0.049097335 | E147: 0.050829795 | F147: 0.049922509 | G147: 0.04992619 | H147: 0.047181523 | I147: 0.047489148 | J147: 0.047816146 | K147: 0.049214214 | L147: 0.050011061 | M147: 0.050801298 | N147: 0.33333333 | O147: =B147*'1-Data Input'!$D$2 -> 0 | P147: =C147*'1-Data Input'!$D$3 -> 0 | Q147: =D147*'1-Data Input'!$D$4 -> 0 | R147: =E147*'1-Data Input'!$D$5 -> 0 | S147: =F147*'1-Data Input'!$D$6 -> 0 | T147: =G147*'1-Data Input'!$D$7 -> 0 | U147: =H147*'1-Data Input'!$D$8 -> 0 | V147: =I147*'1-Data Input'!$D$9 -> 0 | W147: =J147*'1-Data Input'!$D$10 -> 0 | X147: =K147*'1-Data Input'!$D$11 -> 0 | Y147: =L147*'1-Data Input'!$D$12 -> 0 | Z147: =M147*'1-Data Input'!$D$13 -> 0
...

Sheet 3-Production profile
A1: Production profile : | G1: Belgium
A2: Relative Production | N2: Extrapolated Production | AB2: Production profiles
A3: H | B3: Jan | C3: Feb | D3: Mar | E3: Apr | F3: May | G3: Jun | H3: Jul | I3: Aug | J3: Sep | K3: Oct | L3: Nov | M3: Dec | N3: H | O3: Jan | P3: Feb | Q3: Mar | R3: Apr | S3: May | T3: Jun | U3: Jul | V3: Aug | W3: Sep | X3: Oct | Y3: Nov | Z3: Dec | AB3: =G1 -> Belgium
A4: 0 | B4: 0 | C4: 0 | D4: 0 | E4: 0 | F4: 0 | G4: 0 | H4: 0 | I4: 0 | J4: 0 | K4: 0 | L4: 0 | M4: 0 | N4: 0 | O4: =B4*'1-Data Input'!$E$2 -> 0 | P4: =C4*'1-Data Input'!$E$3 -> 0 | Q4: =D4*'1-Data Input'!$E$4 -> 0 | R4: =E4*'1-Data Input'!$E$5 -> 0 | S4: =F4*'1-Data Input'!$E$6 -> 0 | T4: =G4*'1-Data Input'!$E$7 -> 0 | U4: =H4*'1-Data Input'!$E$8 -> 0 | V4: =I4*'1-Data Input'!$E$9 -> 0 | W4: =J4*'1-Data Input'!$E$10 -> 0 | X4: =K4*'1-Data Input'!$E$11 -> 0 | Y4: =L4*'1-Data Input'!$E$12 -> 0 | Z4: =M4*'1-Data Input'!$E$13 -> 0 | AB4: =G28 -> Northern France
A5: 0.041666667 | B5: 0 | C5: 0 | D5: 0 | E5: 0 | F5: 0 | G5: 0 | H5: 0 | I5: 0 | J5: 0 | K5: 0 | L5: 0 | M5: 0 | N5: 0.041666667 | O5: =B5*'1-Data Input'!$E$2 -> 0 | P5: =C5*'1-Data Input'!$E$3 -> 0 | Q5: =D5*'1-Data Input'!$E$4 -> 0 | R5: =E5*'1-Data Input'!$E$5 -> 0 | S5: =F5*'1-Data Input'!$E$6 -> 0 | T5: =G5*'1-Data Input'!$E$7 -> 0 | U5: =H5*'1-Data Input'!$E$8 -> 0 | V5: =I5*'1-Data Input'!$E$9 -> 0 | W5: =J5*'1-Data Input'!$E$10 -> 0 | X5: =K5*'1-Data Input'!$E$11 -> 0 | Y5: =L5*'1-Data Input'!$E$12 -> 0 | Z5: =M5*'1-Data Input'!$E$13 -> 0 | AB5: =G55 -> Eastern France
A6: 0.083333333 | B6: 0 | C6: 0 | D6: 0 | E6: 0 | F6: 0 | G6: 0 | H6: 0 | I6: 0 | J6: 0 | K6: 0 | L6: 0 | M6: 0 | N6: 0.083333333 | O6: =B6*'1-Data Input'!$E$2 -> 0 | P6: =C6*'1-Data Input'!$E$3 -> 0 | Q6: =D6*'1-Data Input'!$E$4 -> 0 | R6: =E6*'1-Data Input'!$E$5 -> 0 | S6: =F6*'1-Data Input'!$E$6 -> 0 | T6: =G6*'1-Data Input'!$E$7 -> 0 | U6: =H6*'1-Data Input'!$E$8 -> 0 | V6: =I6*'1-Data Input'!$E$9 -> 0 | W6: =J6*'1-Data Input'!$E$10 -> 0 | X6: =K6*'1-Data Input'!$E$11 -> 0 | Y6: =L6*'1-Data Input'!$E$12 -> 0 | Z6: =M6*'1-Data Input'!$E$13 -> 0 | AB6: =G82 -> Western France
A7: 0.125 | B7: 0 | C7: 0 | D7: 0 | E7: 0 | F7: 0 | G7: 0 | H7: 0 | I7: 0 | J7: 0 | K7: 0 | L7: 0 | M7: 0 | N7: 0.125 | O7: =B7*'1-Data Input'!$E$2 -> 0 | P7: =C7*'1-Data Input'!$E$3 -> 0 | Q7: =D7*'1-Data Input'!$E$4 -> 0 | R7: =E7*'1-Data Input'!$E$5 -> 0 | S7: =F7*'1-Data Input'!$E$6 -> 0 | T7: =G7*'1-Data Input'!$E$7 -> 0 | U7: =H7*'1-Data Input'!$E$8 -> 0 | V7: =I7*'1-Data Input'!$E$9 -> 0 | W7: =J7*'1-Data Input'!$E$10 -> 0 | X7: =K7*'1-Data Input'!$E$11 -> 0 | Y7: =L7*'1-Data Input'!$E$12 -> 0 | Z7: =M7*'1-Data Input'!$E$13 -> 0 | AB7: =G109 -> Central France
A8: 0.16666667 | B8: 0 | C8: 0 | D8: 0 | E8: 0 | F8: 0 | G8: 0 | H8: 0 | I8: 0 | J8: 0 | K8: 0 | L8: 0 | M8: 0 | N8: 0.16666667 | O8: =B8*'1-Data Input'!$E$2 -> 0 | P8: =C8*'1-Data Input'!$E$3 -> 0 | Q8: =D8*'1-Data Input'!$E$4 -> 0 | R8: =E8*'1-Data Input'!$E$5 -> 0 | S8: =F8*'1-Data Input'!$E$6 -> 0 | T8: =G8*'1-Data Input'!$E$7 -> 0 | U8: =H8*'1-Data Input'!$E$8 -> 0 | V8: =I8*'1-Data Input'!$E$9 -> 0 | W8: =J8*'1-Data Input'!$E$10 -> 0 | X8: =K8*'1-Data Input'!$E$11 -> 0 | Y8: =L8*'1-Data Input'!$E$12 -> 0 | Z8: =M8*'1-Data Input'!$E$13 -> 0 | AB8: =G136 -> Custom made - Pacapime
A9: 0.20833333 | B9: 0 | C9: 0 | D9: 0 | E9: 0 | F9: 0.0016694641 | G9: 0.0066202879 | H9: 0.0019306895 | I9: 0 | J9: 0 | K9: 0 | L9: 0 | M9: 0 | N9: 0.20833333 | O9: =B9*'1-Data Input'!$E$2 -> 0 | P9: =C9*'1-Data Input'!$E$3 -> 0 | Q9: =D9*'1-Data Input'!$E$4 -> 0 | R9: =E9*'1-Data Input'!$E$5 -> 0 | S9: =F9*'1-Data Input'!$E$6 -> 0 | T9: =G9*'1-Data Input'!$E$7 -> 0 | U9: =H9*'1-Data Input'!$E$8 -> 0 | V9: =I9*'1-Data Input'!$E$9 -> 0 | W9: =J9*'1-Data Input'!$E$10 -> 0 | X9: =K9*'1-Data Input'!$E$11 -> 0 | Y9: =L9*'1-Data Input'!$E$12 -> 0 | Z9: =M9*'1-Data Input'!$E$13 -> 0
A10: 0.25 | B10: 0 | C10: 0 | D10: 0 | E10: 0.0040167692 | F10: 0.016239159 | G10: 0.020198459 | H10: 0.015534043 | I10: 0.008546055 | J10: 6.859195e-05 | K10: 0 | L10: 0 | M10: 0 | N10: 0.25 | O10: =B10*'1-Data Input'!$E$2 -> 0 | P10: =C10*'1-Data Input'!$E$3 -> 0 | Q10: =D10*'1-Data Input'!$E$4 -> 0 | R10: =E10*'1-Data Input'!$E$5 -> 0 | S10: =F10*'1-Data Input'!$E$6 -> 0 | T10: =G10*'1-Data Input'!$E$7 -> 0 | U10: =H10*'1-Data Input'!$E$8 -> 0 | V10: =I10*'1-Data Input'!$E$9 -> 0 | W10: =J10*'1-Data Input'!$E$10 -> 0 | X10: =K10*'1-Data Input'!$E$11 -> 0 | Y10: =L10*'1-Data Input'!$E$12 -> 0 | Z10: =M10*'1-Data Input'!$E$13 -> 0
A11: 0.29166667 | B11: 0 | C11: 0 | D11: 0.0059357523 | E11: 0.02756773 | F11: 0.042436399 | G11: 0.045794582 | H11: 0.040167483 | I11: 0.035338462 | J11: 0.01830796 | K11: 0.0028633054 | L11: 0.00089330427 | M11: 0 | N11: 0.29166667 | O11: =B11*'1-Data Input'!$E$2 -> 0 | P11: =C11*'1-Data Input'!$E$3 -> 0 | Q11: =D11*'1-Data Input'!$E$4 -> 0 | R11: =E11*'1-Data Input'!$E$5 -> 0 | S11: =F11*'1-Data Input'!$E$6 -> 0 | T11: =G11*'1-Data Input'!$E$7 -> 0 | U11: =H11*'1-Data Input'!$E$8 -> 0 | V11: =I11*'1-Data Input'!$E$9 -> 0 | W11: =J11*'1-Data Input'!$E$10 -> 0 | X11: =K11*'1-Data Input'!$E$11 -> 0 | Y11: =L11*'1-Data Input'!$E$12 -> 0 | Z11: =M11*'1-Data Input'!$E$13 -> 0
A12: 0.33333333 | B12: 0 | C12: 0.0054723383 | D12: 0.036925596 | E12: 0.059886227 | F12: 0.071021361 | G12: 0.06970555 | H12: 0.06491654 | I12: 0.064866111 | J12: 0.050210942 | K12: 0.036782153 | L12: 0.018917531 | M12: 0.0063451587 | N12: 0.33333333 | O12: =B12*'1-Data Input'!$E$2 -> 0 | P12: =C12*'1-Data Input'!$E$3 -> 0 | Q12: =D12*'1-Data Input'!$E$4 -> 0 | R12: =E12*'1-Data Input'!$E$5 -> 0 | S12: =F12*'1-Data Input'!$E$6 -> 0 | T12: =G12*'1-Data Input'!$E$7 -> 0 | U12: =H12*'1-Data Input'!$E$8 -> 0 | V12: =I12*'1-Data Input'!$E$9 -> 0 | W12: =J12*'1-Data Input'!$E$10 -> 0 | X12: =K12*'1-Data Input'!$E$11 -> 0 | Y12: =L12*'1-Data Input'!$E$12 -> 0 | Z12: =M12*'1-Data Input'!$E$13 -> 0
A13: 0.375 | B13: 0.022603022 | C13: 0.049162935 | D13: 0.076237312 | E13: 0.090771844 | F13: 0.092683636 | G13: 0.089369119 | H13: 0.089106656 | I13: 0.090597644 | J13: 0.086391761 | K13: 0.087049798 | L13: 0.072839329 | M13: 0.046005884 | N13: 0.375 | O13: =B13*'1-Data Input'!$E$2 -> 0 | P13: =C13*'1-Data Input'!$E$3 -> 0 | Q13: =D13*'1-Data Input'!$E$4 -> 0 | R13: =E13*'1-Data Input'!$E$5 -> 0 | S13: =F13*'1-Data Input'!$E$6 -> 0 | T13: =G13*'1-Data Input'!$E$7 -> 0 | U13: =H13*'1-Data Input'!$E$8 -> 0 | V13: =I13*'1-Data Input'!$E$9 -> 0 | W13: =J13*'1-Data Input'!$E$10 -> 0 | X13: =K13*'1-Data Input'!$E$11 -> 0 | Y13: =L13*'1-Data Input'!$E$12 -> 0 | Z13: =M13*'1-Data Input'!$E$13 -> 0
A14: 0.41666667 | B14: 0.11875715 | C14: 0.093211644 | D14: 0.10586585 | E14: 0.10833984 | F14: 0.11060387 | G14: 0.10355447 | H14: 0.10735759 | I14: 0.10501304 | J14: 0.10802933 | K14: 0.13277957 | L14: 0.13443926 | M14: 0.11370772 | N14: 0.41666667 | O14: =B14*'1-Data Input'!$E$2 -> 0 | P14: =C14*'1-Data Input'!$E$3 -> 0 | Q14: =D14*'1-Data Input'!$E$4 -> 0 | R14: =E14*'1-Data Input'!$E$5 -> 0 | S14: =F14*'1-Data Input'!$E$6 -> 0 | T14: =G14*'1-Data Input'!$E$7 -> 0 | U14: =H14*'1-Data Input'!$E$8 -> 0 | V14: =I14*'1-Data Input'!$E$9 -> 0 | W14: =J14*'1-Data Input'!$E$10 -> 0 | X14: =K14*'1-Data Input'!$E$11 -> 0 | Y14: =L14*'1-Data Input'!$E$12 -> 0 | Z14: =M14*'1-Data Input'!$E$13 -> 0
A15: 0.45833333 | B15: 0.18836314 | C15: 0.12008607 | D15: 0.12025077 | E15: 0.11877613 | F15: 0.11264811 | G15: 0.093992291 | H15: 0.10311793 | I15: 0.11568575 | J15: 0.12799489 | K15: 0.15325271 | L15: 0.16527374 | M15: 0.16481105 | N15: 0.45833333 | O15: =B15*'1-Data Input'!$E$2 -> 0 | P15: =C15*'1-Data Input'!$E$3 -> 0 | Q15: =D15*'1-Data Input'!$E$4 -> 0 | R15: =E15*'1-Data Input'!$E$5 -> 0 | S15: =F15*'1-Data Input'!$E$6 -> 0 | T15: =G15*'1-Data Input'!$E$7 -> 0 | U15: =H15*'1-Data Input'!$E$8 -> 0 | V15: =I15*'1-Data Input'!$E$9 -> 0 | W15: =J15*'1-Data Input'!$E$10 -> 0 | X15: =K15*'1-Data Input'!$E$11 -> 0 | Y15: =L15*'1-Data Input'!$E$12 -> 0 | Z15: =M15*'1-Data Input'!$E$13 -> 0
A16: 0.5 | B16: 0.19319641 | C16: 0.15032753 | D16: 0.13728411 | E16: 0.12224564 | F16: 0.10973739 | G16: 0.10145338 | H16: 0.1124978 | I16: 0.11864355 | J16: 0.13768054 | K16: 0.16832734 | L16: 0.1662397 | M16: 0.18665166 | N16: 0.5 | O16: =B16*'1-Data Input'!$E$2 -> 0 | P16: =C16*'1-Data Input'!$E$3 -> 0 | Q16: =D16*'1-Data Input'!$E$4 -> 0 | R16: =E16*'1-Data Input'!$E$5 -> 0 | S16: =F16*'1-Data Input'!$E$6 -> 0 | T16: =G16*'1-Data Input'!$E$7 -> 0 | U16: =H16*'1-Data Input'!$E$8 -> 0 | V16: =I16*'1-Data Input'!$E$9 -> 0 | W16: =J16*'1-Data Input'!$E$10 -> 0 | X16: =K16*'1-Data Input'!$E$11 -> 0 | Y16: =L16*'1-Data Input'!$E$12 -> 0 | Z16: =M16*'1-Data Input'!$E$13 -> 0
A17: 0.54166667 | B17: 0.19292014 | C17: 0.17599678 | D17: 0.15413759 | E17: 0.12979365 | F17: 0.10583021 | G17: 0.10022466 | H17: 0.11474482 | I17: 0.11546269 | J17: 0.14432087 | K17: 0.15634303 | L17: 0.18279465 | M17: 0.220248 | N17: 0.54166667 | O17: =B17*'1-Data Input'!$E$2 -> 0 | P17: =C17*'1-Data Input'!$E$3 -> 0 | Q17: =D17*'1-Data Input'!$E$4 -> 0 | R17: =E17*'1-Data Input'!$E$5 -> 0 | S17: =F17*'1-Data Input'!$E$6 -> 0 | T17: =G17*'1-Data Input'!$E$7 -> 0 | U17: =H17*'1-Data Input'!$E$8 -> 0 | V17: =I17*'1-Data Input'!$E$9 -> 0 | W17: =J17*'1-Data Input'!$E$10 -> 0 | X17: =K17*'1-Data Input'!$E$11 -> 0 | Y17: =L17*'1-Data Input'!$E$12 -> 0 | Z17: =M17*'1-Data Input'!$E$13 -> 0
A18: 0.58333333 | B18: 0.17063363 | C18: 0.18802565 | D18: 0.14083148 | E18: 0.12211345 | F18: 0.10096308 | G18: 0.10112498 | H18: 0.10281795 | I18: 0.10787116 | J18: 0.13254998 | K18: 0.12861595 | L18: 0.1489127 | M18: 0.18131454 | N18: 0.58333333 | O18: =B18*'1-Data Input'!$E$2 -> 0 | P18: =C18*'1-Data Input'!$E$3 -> 0 | Q18: =D18*'1-Data Input'!$E$4 -> 0 | R18: =E18*'1-Data Input'!$E$5 -> 0 | S18: =F18*'1-Data Input'!$E$6 -> 0 | T18: =G18*'1-Data Input'!$E$7 -> 0 | U18: =H18*'1-Data Input'!$E$8 -> 0 | V18: =I18*'1-Data Input'!$E$9 -> 0 | W18: =J18*'1-Data Input'!$E$10 -> 0 | X18: =K18*'1-Data Input'!$E$11 -> 0 | Y18: =L18*'1-Data Input'!$E$12 -> 0 | Z18: =M18*'1-Data Input'!$E$13 -> 0
A19: 0.625 | B19: 0.10016734 | C19: 0.14237261 | D19: 0.10886859 | E19: 0.099176918 | F19: 0.090436479 | G19: 0.094617067 | H19: 0.089637644 | I19: 0.091658443 | J19: 0.095941577 | K19: 0.093335141 | L19: 0.087334178 | M19: 0.072839435 | N19: 0.625 | O19: =B19*'1-Data Input'!$E$2 -> 0 | P19: =C19*'1-Data Input'!$E$3 -> 0 | Q19: =D19*'1-Data Input'!$E$4 -> 0 | R19: =E19*'1-Data Input'!$E$5 -> 0 | S19: =F19*'1-Data Input'!$E$6 -> 0 | T19: =G19*'1-Data Input'!$E$7 -> 0 | U19: =H19*'1-Data Input'!$E$8 -> 0 | V19: =I19*'1-Data Input'!$E$9 -> 0 | W19: =J19*'1-Data Input'!$E$10 -> 0 | X19: =K19*'1-Data Input'!$E$11 -> 0 | Y19: =L19*'1-Data Input'!$E$12 -> 0 | Z19: =M19*'1-Data Input'!$E$13 -> 0
A20: 0.66666667 | B20: 0.013359177 | C20: 0.066497349 | D20: 0.078859298 | E20: 0.068865201 | F20: 0.069853749 | G20: 0.077164857 | H20: 0.071668132 | I20: 0.073026919 | J20: 0.064787931 | K20: 0.037478475 | L20: 0.021171806 | M20: 0.0080765658 | N20: 0.66666667 | O20: =B20*'1-Data Input'!$E$2 -> 0 | P20: =C20*'1-Data Input'!$E$3 -> 0 | Q20: =D20*'1-Data Input'!$E$4 -> 0 | R20: =E20*'1-Data Input'!$E$5 -> 0 | S20: =F20*'1-Data Input'!$E$6 -> 0 | T20: =G20*'1-Data Input'!$E$7 -> 0 | U20: =H20*'1-Data Input'!$E$8 -> 0 | V20: =I20*'1-Data Input'!$E$9 -> 0 | W20: =J20*'1-Data Input'!$E$10 -> 0 | X20: =K20*'1-Data Input'!$E$11 -> 0 | Y20: =L20*'1-Data Input'!$E$12 -> 0 | Z20: =M20*'1-Data Input'!$E$13 -> 0
... A27: 0.95833333 | B27: 0 | C27: 0 | D27: 0 | E27: 0 | F27: 0 | G27: 0 | H27: 0 | I27: 0 | J27: 0 | K27: 0 | L27: 0 | M27: 0 | N27: 0.95833333 | O27: =B27*'1-Data Input'!$E$2 -> 0 | P27: =C27*'1-Data Input'!$E$3 -> 0 | Q27: =D27*'1-Data Input'!$E$4 -> 0 | R27: =E27*'1-Data Input'!$E$5 -> 0 | S27: =F27*'1-Data Input'!$E$6 -> 0 | T27: =G27*'1-Data Input'!$E$7 -> 0 | U27: =H27*'1-Data Input'!$E$8 -> 0 | V27: =I27*'1-Data Input'!$E$9 -> 0 | W27: =J27*'1-Data Input'!$E$10 -> 0 | X27: =K27*'1-Data Input'!$E$11 -> 0 | Y27: =L27*'1-Data Input'!$E$12 -> 0 | Z27: =M27*'1-Data Input'!$E$13 -> 0
A28: Production profile : | G28: Northern France
A29: Relative Production | N29: Extrapolated Production
A30: H | B30: Jan | C30: Feb | D30: Mar | E30: Apr | F30: May | G30: Jun | H30: Jul | I30: Aug | J30: Sep | K30: Oct | L30: Nov | M30: Dec | N30: H | O30: Jan | P30: Feb | Q30: Mar | R30: Apr | S30: May | T30: Jun | U30: Jul | V30: Aug | W30: Sep | X30: Oct | Y30: Nov | Z30: Dec
A31: 0 | B31: 0 | C31: 0 | D31: 0 | E31: 0 | F31: 0 | G31: 0 | H31: 0 | I31: 0 | J31: 0 | K31: 0 | L31: 0 | M31: 0 | N31: 0 | O31: =B31*'1-Data Input'!$D$2 -> 0 | P31: =C31*'1-Data Input'!$D$3 -> 0 | Q31: =D31*'1-Data Input'!$D$4 -> 0 | R31: =E31*'1-Data Input'!$D$5 -> 0 | S31: =F31*'1-Data Input'!$D$6 -> 0 | T31: =G31*'1-Data Input'!$D$7 -> 0 | U31: =H31*'1-Data Input'!$D$8 -> 0 | V31: =I31*'1-Data Input'!$D$9 -> 0 | W31: =J31*'1-Data Input'!$D$10 -> 0 | X31: =K31*'1-Data Input'!$D$11 -> 0 | Y31: =L31*'1-Data Input'!$D$12 -> 0 | Z31: =M31*'1-Data Input'!$D$13 -> 0
A32: 0.041666667 | B32: 0 | C32: 0 | D32: 0 | E32: 0 | F32: 0 | G32: 0 | H32: 0 | I32: 0 | J32: 0 | K32: 0 | L32: 0 | M32: 0 | N32: 0.041666667 | O32: =B32*'1-Data Input'!$D$2 -> 0 | P32: =C32*'1-Data Input'!$D$3 -> 0 | Q32: =D32*'1-Data Input'!$D$4 -> 0 | R32: =E32*'1-Data Input'!$D$5 -> 0 | S32: =F32*'1-Data Input'!$D$6 -> 0 | T32: =G32*'1-Data Input'!$D$7 -> 0 | U32: =H32*'1-Data Input'!$D$8 -> 0 | V32: =I32*'1-Data Input'!$D$9 -> 0 | W32: =J32*'1-Data Input'!$D$10 -> 0 | X32: =K32*'1-Data Input'!$D$11 -> 0 | Y32: =L32*'1-Data Input'!$D$12 -> 0 | Z32: =M32*'1-Data Input'!$D$13 -> 0
A33: 0.083333333 | B33: 0 | C33: 0 | D33: 0 | E33: 0 | F33: 0 | G33: 0 | H33: 0 | I33: 0 | J33: 0 | K33: 0 | L33: 0 | M33: 0 | N33: 0.083333333 | O33: =B33*'1-Data Input'!$D$2 -> 0 | P33: =C33*'1-Data Input'!$D$3 -> 0 | Q33: =D33*'1-Data Input'!$D$4 -> 0 | R33: =E33*'1-Data Input'!$D$5 -> 0 | S33: =F33*'1-Data Input'!$D$6 -> 0 | T33: =G33*'1-Data Input'!$D$7 -> 0 | U33: =H33*'1-Data Input'!$D$8 -> 0 | V33: =I33*'1-Data Input'!$D$9 -> 0 | W33: =J33*'1-Data Input'!$D$10 -> 0 | X33: =K33*'1-Data Input'!$D$11 -> 0 | Y33: =L33*'1-Data Input'!$D$12 -> 0 | Z33: =M33*'1-Data Input'!$D$13 -> 0
A34: 0.125 | B34: 0 | C34: 0 | D34: 0 | E34: 0 | F34: 0 | G34: 0 | H34: 0 | I34: 0 | J34: 0 | K34: 0 | L34: 0 | M34: 0 | N34: 0.125 | O34: =B34*'1-Data Input'!$D$2 -> 0 | P34: =C34*'1-Data Input'!$D$3 -> 0 | Q34: =D34*'1-Data Input'!$D$4 -> 0 | R34: =E34*'1-Data Input'!$D$5 -> 0 | S34: =F34*'1-Data Input'!$D$6 -> 0 | T34: =G34*'1-Data Input'!$D$7 -> 0 | U34: =H34*'1-Data Input'!$D$8 -> 0 | V34: =I34*'1-Data Input'!$D$9 -> 0 | W34: =J34*'1-Data Input'!$D$10 -> 0 | X34: =K34*'1-Data Input'!$D$11 -> 0 | Y34: =L34*'1-Data Input'!$D$12 -> 0 | Z34: =M34*'1-Data Input'!$D$13 -> 0
A35: 0.16666667 | B35: 0 | C35: 0 | D35: 0 | E35: 0 | F35: 0 | G35: 0 | H35: 0 | I35: 0 | J35: 0 | K35: 0 | L35: 0 | M35: 0 | N35: 0.16666667 | O35: =B35*'1-Data Input'!$D$2 -> 0 | P35: =C35*'1-Data Input'!$D$3 -> 0 | Q35: =D35*'1-Data Input'!$D$4 -> 0 | R35: =E35*'1-Data Input'!$D$5 -> 0 | S35: =F35*'1-Data Input'!$D$6 -> 0 | T35: =G35*'1-Data Input'!$D$7 -> 0 | U35: =H35*'1-Data Input'!$D$8 -> 0 | V35: =I35*'1-Data Input'!$D$9 -> 0 | W35: =J35*'1-Data Input'!$D$10 -> 0 | X35: =K35*'1-Data Input'!$D$11 -> 0 | Y35: =L35*'1-Data Input'!$D$12 -> 0 | Z35: =M35*'1-Data Input'!$D$13 -> 0
A36: 0.20833333 | B36: 0 | C36: 0 | D36: 0 | E36: 0 | F36: 0.0016694641 | G36: 0.0066202879 | H36: 0.0019306895 | I36: 0 | J36: 0 | K36: 0 | L36: 0 | M36: 0 | N36: 0.20833333 | O36: =B36*'1-Data Input'!$D$2 -> 0 | P36: =C36*'1-Data Input'!$D$3 -> 0 | Q36: =D36*'1-Data Input'!$D$4 -> 0 | R36: =E36*'1-Data Input'!$D$5 -> 0 | S36: =F36*'1-Data Input'!$D$6 -> 0 | T36: =G36*'1-Data Input'!$D$7 -> 0 | U36: =H36*'1-Data Input'!$D$8 -> 0 | V36: =I36*'1-Data Input'!$D$9 -> 0 | W36: =J36*'1-Data Input'!$D$10 -> 0 | X36: =K36*'1-Data Input'!$D$11 -> 0 | Y36: =L36*'1-Data Input'!$D$12 -> 0 | Z36: =M36*'1-Data Input'!$D$13 -> 0
A37: 0.25 | B37: 0 | C37: 0 | D37: 0 | E37: 0.0040167692 | F37: 0.016239159 | G37: 0.020198459 | H37: 0.015534043 | I37: 0.008546055 | J37: 6.859195e-05 | K37: 0 | L37: 0 | M37: 0 | N37: 0.25 | O37: =B37*'1-Data Input'!$D$2 -> 0 | P37: =C37*'1-Data Input'!$D$3 -> 0 | Q37: =D37*'1-Data Input'!$D$4 -> 0 | R37: =E37*'1-Data Input'!$D$5 -> 0 | S37: =F37*'1-Data Input'!$D$6 -> 0 | T37: =G37*'1-Data Input'!$D$7 -> 0 | U37: =H37*'1-Data Input'!$D$8 -> 0 | V37: =I37*'1-Data Input'!$D$9 -> 0 | W37: =J37*'1-Data Input'!$D$10 -> 0 | X37: =K37*'1-Data Input'!$D$11 -> 0 | Y37: =L37*'1-Data Input'!$D$12 -> 0 | Z37: =M37*'1-Data Input'!$D$13 -> 0
A38: 0.29166667 | B38: 0 | C38: 0 | D38: 0.0059357523 | E38: 0.02756773 | F38: 0.042436399 | G38: 0.045794582 | H38: 0.040167483 | I38: 0.035338462 | J38: 0.01830796 | K38: 0.0028633054 | L38: 0.00089330427 | M38: 0 | N38: 0.29166667 | O38: =B38*'1-Data Input'!$D$2 -> 0 | P38: =C38*'1-Data Input'!$D$3 -> 0 | Q38: =D38*'1-Data Input'!$D$4 -> 0 | R38: =E38*'1-Data Input'!$D$5 -> 0 | S38: =F38*'1-Data Input'!$D$6 -> 0 | T38: =G38*'1-Data Input'!$D$7 -> 0 | U38: =H38*'1-Data Input'!$D$8 -> 0 | V38: =I38*'1-Data Input'!$D$9 -> 0 | W38: =J38*'1-Data Input'!$D$10 -> 0 | X38: =K38*'1-Data Input'!$D$11 -> 0 | Y38: =L38*'1-Data Input'!$D$12 -> 0 | Z38: =M38*'1-Data Input'!$D$13 -> 0
A39: 0.33333333 | B39: 0 | C39: 0.0054723383 | D39: 0.036925596 | E39: 0.059886227 | F39: 0.071021361 | G39: 0.06970555 | H39: 0.06491654 | I39: 0.064866111 | J39: 0.050210942 | K39: 0.036782153 | L39: 0.018917531 | M39: 0.0063451587 | N39: 0.33333333 | O39: =B39*'1-Data Input'!$D$2 -> 0 | P39: =C39*'1-Data Input'!$D$3 -> 0 | Q39: =D39*'1-Data Input'!$D$4 -> 0 | R39: =E39*'1-Data Input'!$D$5 -> 0 | S39: =F39*'1-Data Input'!$D$6 -> 0 | T39: =G39*'1-Data Input'!$D$7 -> 0 | U39: =H39*'1-Data Input'!$D$8 -> 0 | V39: =I39*'1-Data Input'!$D$9 -> 0 | W39: =J39*'1-Data Input'!$D$10 -> 0 | X39: =K39*'1-Data Input'!$D$11 -> 0 | Y39: =L39*'1-Data Input'!$D$12 -> 0 | Z39: =M39*'1-Data Input'!$D$13 -> 0
A40: 0.375 | B40: 0.022603022 | C40: 0.049162935 | D40: 0.076237312 | E40: 0.090771844 | F40: 0.092683636 | G40: 0.089369119 | H40: 0.089106656 | I40: 0.090597644 | J40: 0.086391761 | K40: 0.087049798 | L40: 0.072839329 | M40: 0.046005884 | N40: 0.375 | O40: =B40*'1-Data Input'!$D$2 -> 0 | P40: =C40*'1-Data Input'!$D$3 -> 0 | Q40: =D40*'1-Data Input'!$D$4 -> 0 | R40: =E40*'1-Data Input'!$D$5 -> 0 | S40: =F40*'1-Data Input'!$D$6 -> 0 | T40: =G40*'1-Data Input'!$D$7 -> 0 | U40: =H40*'1-Data Input'!$D$8 -> 0 | V40: =I40*'1-Data Input'!$D$9 -> 0 | W40: =J40*'1-Data Input'!$D$10 -> 0 | X40: =K40*'1-Data Input'!$D$11 -> 0 | Y40: =L40*'1-Data Input'!$D$12 -> 0 | Z40: =M40*'1-Data Input'!$D$13 -> 0
A41: 0.41666667 | B41: 0.11875715 | C41: 0.093211644 | D41: 0.10586585 | E41: 0.10833984 | F41: 0.11060387 | G41: 0.10355447 | H41: 0.10735759 | I41: 0.10501304 | J41: 0.10802933 | K41: 0.13277957 | L41: 0.13443926 | M41: 0.11370772 | N41: 0.41666667 | O41: =B41*'1-Data Input'!$D$2 -> 0 | P41: =C41*'1-Data Input'!$D$3 -> 0 | Q41: =D41*'1-Data Input'!$D$4 -> 0 | R41: =E41*'1-Data Input'!$D$5 -> 0 | S41: =F41*'1-Data Input'!$D$6 -> 0 | T41: =G41*'1-Data Input'!$D$7 -> 0 | U41: =H41*'1-Data Input'!$D$8 -> 0 | V41: =I41*'1-Data Input'!$D$9 -> 0 | W41: =J41*'1-Data Input'!$D$10 -> 0 | X41: =K41*'1-Data Input'!$D$11 -> 0 | Y41: =L41*'1-Data Input'!$D$12 -> 0 | Z41: =M41*'1-Data Input'!$D$13 -> 0
A42: 0.45833333 | B42: 0.18836314 | C42: 0.12008607 | D42: 0.12025077 | E42: 0.11877613 | F42: 0.11264811 | G42: 0.093992291 | H42: 0.10311793 | I42: 0.11568575 | J42: 0.12799489 | K42: 0.15325271 | L42: 0.16527374 | M42: 0.16481105 | N42: 0.45833333 | O42: =B42*'1-Data Input'!$D$2 -> 0 | P42: =C42*'1-Data Input'!$D$3 -> 0 | Q42: =D42*'1-Data Input'!$D$4 -> 0 | R42: =E42*'1-Data Input'!$D$5 -> 0 | S42: =F42*'1-Data Input'!$D$6 -> 0 | T42: =G42*'1-Data Input'!$D$7 -> 0 | U42: =H42*'1-Data Input'!$D$8 -> 0 | V42: =I42*'1-Data Input'!$D$9 -> 0 | W42: =J42*'1-Data Input'!$D$10 -> 0 | X42: =K42*'1-Data Input'!$D$11 -> 0 | Y42: =L42*'1-Data Input'!$D$12 -> 0 | Z42: =M42*'1-Data Input'!$D$13 -> 0
... A54: 0.95833333 | B54: 0 | C54: 0 | D54: 0 | E54: 0 | F54: 0 | G54: 0 | H54: 0 | I54: 0 | J54: 0 | K54: 0 | L54: 0 | M54: 0 | N54: 0.95833333 | O54: =B54*'1-Data Input'!$D$2 -> 0 | P54: =C54*'1-Data Input'!$D$3 -> 0 | Q54: =D54*'1-Data Input'!$D$4 -> 0 | R54: =E54*'1-Data Input'!$D$5 -> 0 | S54: =F54*'1-Data Input'!$D$6 -> 0 | T54: =G54*'1-Data Input'!$D$7 -> 0 | U54: =H54*'1-Data Input'!$D$8 -> 0 | V54: =I54*'1-Data Input'!$D$9 -> 0 | W54: =J54*'1-Data Input'!$D$10 -> 0 | X54: =K54*'1-Data Input'!$D$11 -> 0 | Y54: =L54*'1-Data Input'!$D$12 -> 0 | Z54: =M54*'1-Data Input'!$D$13 -> 0
A55: Production profile : | G55: Eastern France
A56: Relative Production | N56: Extrapolated Production
A57: H | B57: Jan | C57: Feb | D57: Mar | E57: Apr | F57: May | G57: Jun | H57: Jul | I57: Aug | J57: Sep | K57: Oct | L57: Nov | M57: Dec | N57: H | O57: Jan | P57: Feb | Q57: Mar | R57: Apr | S57: May | T57: Jun | U57: Jul | V57: Aug | W57: Sep | X57: Oct | Y57: Nov | Z57: Dec
A58: 0 | B58: 0 | C58: 0 | D58: 0 | E58: 0 | F58: 0 | G58: 0 | H58: 0 | I58: 0 | J58: 0 | K58: 0 | L58: 0 | M58: 0 | N58: 0 | O58: =B58*'1-Data Input'!$E$2 -> 0 | P58: =C58*'1-Data Input'!$E$3 -> 0 | Q58: =D58*'1-Data Input'!$E$4 -> 0 | R58: =E58*'1-Data Input'!$E$5 -> 0 | S58: =F58*'1-Data Input'!$E$6 -> 0 | T58: =G58*'1-Data Input'!$E$7 -> 0 | U58: =H58*'1-Data Input'!$E$8 -> 0 | V58: =I58*'1-Data Input'!$E$9 -> 0 | W58: =J58*'1-Data Input'!$E$10 -> 0 | X58: =K58*'1-Data Input'!$E$11 -> 0 | Y58: =L58*'1-Data Input'!$E$12 -> 0 | Z58: =M58*'1-Data Input'!$E$13 -> 0
A59: 0.041666667 | B59: 0 | C59: 0 | D59: 0 | E59: 0 | F59: 0 | G59: 0 | H59: 0 | I59: 0 | J59: 0 | K59: 0 | L59: 0 | M59: 0 | N59: 0.041666667 | O59: =B59*'1-Data Input'!$E$2 -> 0 | P59: =C59*'1-Data Input'!$E$3 -> 0 | Q59: =D59*'1-Data Input'!$E$4 -> 0 | R59: =E59*'1-Data Input'!$E$5 -> 0 | S59: =F59*'1-Data Input'!$E$6 -> 0 | T59: =G59*'1-Data Input'!$E$7 -> 0 | U59: =H59*'1-Data Input'!$E$8 -> 0 | V59: =I59*'1-Data Input'!$E$9 -> 0 | W59: =J59*'1-Data Input'!$E$10 -> 0 | X59: =K59*'1-Data Input'!$E$11 -> 0 | Y59: =L59*'1-Data Input'!$E$12 -> 0 | Z59: =M59*'1-Data Input'!$E$13 -> 0
A60: 0.083333333 | B60: 0 | C60: 0 | D60: 0 | E60: 0 | F60: 0 | G60: 0 | H60: 0 | I60: 0 | J60: 0 | K60: 0 | L60: 0 | M60: 0 | N60: 0.083333333 | O60: =B60*'1-Data Input'!$E$2 -> 0 | P60: =C60*'1-Data Input'!$E$3 -> 0 | Q60: =D60*'1-Data Input'!$E$4 -> 0 | R60: =E60*'1-Data Input'!$E$5 -> 0 | S60: =F60*'1-Data Input'!$E$6 -> 0 | T60: =G60*'1-Data Input'!$E$7 -> 0 | U60: =H60*'1-Data Input'!$E$8 -> 0 | V60: =I60*'1-Data Input'!$E$9 -> 0 | W60: =J60*'1-Data Input'!$E$10 -> 0 | X60: =K60*'1-Data Input'!$E$11 -> 0 | Y60: =L60*'1-Data Input'!$E$12 -> 0 | Z60: =M60*'1-Data Input'!$E$13 -> 0
A61: 0.125 | B61: 0 | C61: 0 | D61: 0 | E61: 0 | F61: 0 | G61: 0 | H61: 0 | I61: 0 | J61: 0 | K61: 0 | L61: 0 | M61: 0 | N61: 0.125 | O61: =B61*'1-Data Input'!$E$2 -> 0 | P61: =C61*'1-Data Input'!$E$3 -> 0 | Q61: =D61*'1-Data Input'!$E$4 -> 0 | R61: =E61*'1-Data Input'!$E$5 -> 0 | S61: =F61*'1-Data Input'!$E$6 -> 0 | T61: =G61*'1-Data Input'!$E$7 -> 0 | U61: =H61*'1-Data Input'!$E$8 -> 0 | V61: =I61*'1-Data Input'!$E$9 -> 0 | W61: =J61*'1-Data Input'!$E$10 -> 0 | X61: =K61*'1-Data Input'!$E$11 -> 0 | Y61: =L61*'1-Data Input'!$E$12 -> 0 | Z61: =M61*'1-Data Input'!$E$13 -> 0
A62: 0.16666667 | B62: 0 | C62: 0 | D62: 0 | E62: 0 | F62: 0 | G62: 0 | H62: 0 | I62: 0 | J62: 0 | K62: 0 | L62: 0 | M62: 0 | N62: 0.16666667 | O62: =B62*'1-Data Input'!$E$2 -> 0 | P62: =C62*'1-Data Input'!$E$3 -> 0 | Q62: =D62*'1-Data Input'!$E$4 -> 0 | R62: =E62*'1-Data Input'!$E$5 -> 0 | S62: =F62*'1-Data Input'!$E$6 -> 0 | T62: =G62*'1-Data Input'!$E$7 -> 0 | U62: =H62*'1-Data Input'!$E$8 -> 0 | V62: =I62*'1-Data Input'!$E$9 -> 0 | W62: =J62*'1-Data Input'!$E$10 -> 0 | X62: =K62*'1-Data Input'!$E$11 -> 0 | Y62: =L62*'1-Data Input'!$E$12 -> 0 | Z62: =M62*'1-Data Input'!$E$13 -> 0
A63: 0.20833333 | B63: 0 | C63: 0 | D63: 0 | E63: 0 | F63: 0.0016694641 | G63: 0.0066202879 | H63: 0.0019306895 | I63: 0 | J63: 0 | K63: 0 | L63: 0 | M63: 0 | N63: 0.20833333 | O63: =B63*'1-Data Input'!$E$2 -> 0 | P63: =C63*'1-Data Input'!$E$3 -> 0 | Q63: =D63*'1-Data Input'!$E$4 -> 0 | R63: =E63*'1-Data Input'!$E$5 -> 0 | S63: =F63*'1-Data Input'!$E$6 -> 0 | T63: =G63*'1-Data Input'!$E$7 -> 0 | U63: =H63*'1-Data Input'!$E$8 -> 0 | V63: =I63*'1-Data Input'!$E$9 -> 0 | W63: =J63*'1-Data Input'!$E$10 -> 0 | X63: =K63*'1-Data Input'!$E$11 -> 0 | Y63: =L63*'1-Data Input'!$E$12 -> 0 | Z63: =M63*'1-Data Input'!$E$13 -> 0
A64: 0.25 | B64: 0 | C64: 0 | D64: 0 | E64: 0.0040167692 | F64: 0.016239159 | G64: 0.020198459 | H64: 0.015534043 | I64: 0.008546055 | J64: 6.859195e-05 | K64: 0 | L64: 0 | M64: 0 | N64: 0.25 | O64: =B64*'1-Data Input'!$E$2 -> 0 | P64: =C64*'1-Data Input'!$E$3 -> 0 | Q64: =D64*'1-Data Input'!$E$4 -> 0 | R64: =E64*'1-Data Input'!$E$5 -> 0 | S64: =F64*'1-Data Input'!$E$6 -> 0 | T64: =G64*'1-Data Input'!$E$7 -> 0 | U64: =H64*'1-Data Input'!$E$8 -> 0 | V64: =I64*'1-Data Input'!$E$9 -> 0 | W64: =J64*'1-Data Input'!$E$10 -> 0 | X64: =K64*'1-Data Input'!$E$11 -> 0 | Y64: =L64*'1-Data Input'!$E$12 -> 0 | Z64: =M64*'1-Data Input'!$E$13 -> 0
A65: 0.29166667 | B65: 0 | C65: 0 | D65: 0.0059357523 | E65: 0.02756773 | F65: 0.042436399 | G65: 0.045794582 | H65: 0.040167483 | I65: 0.035338462 | J65: 0.01830796 | K65: 0.0028633054 | L65: 0.00089330427 | M65: 0 | N65: 0.29166667 | O65: =B65*'1-Data Input'!$E$2 -> 0 | P65: =C65*'1-Data Input'!$E$3 -> 0 | Q65: =D65*'1-Data Input'!$E$4 -> 0 | R65: =E65*'1-Data Input'!$E$5 -> 0 | S65: =F65*'1-Data Input'!$E$6 -> 0 | T65: =G65*'1-Data Input'!$E$7 -> 0 | U65: =H65*'1-Data Input'!$E$8 -> 0 | V65: =I65*'1-Data Input'!$E$9 -> 0 | W65: =J65*'1-Data Input'!$E$10 -> 0 | X65: =K65*'1-Data Input'!$E$11 -> 0 | Y65: =L65*'1-Data Input'!$E$12 -> 0 | Z65: =M65*'1-Data Input'!$E$13 -> 0
A66: 0.33333333 | B66: 0 | C66: 0.0054723383 | D66: 0.036925596 | E66: 0.059886227 | F66: 0.071021361 | G66: 0.06970555 | H66: 0.06491654 | I66: 0.064866111 | J66: 0.050210942 | K66: 0.036782153 | L66: 0.018917531 | M66: 0.0063451587 | N66: 0.33333333 | O66: =B66*'1-Data Input'!$E$2 -> 0 | P66: =C66*'1-Data Input'!$E$3 -> 0 | Q66: =D66*'1-Data Input'!$E$4 -> 0 | R66: =E66*'1-Data Input'!$E$5 -> 0 | S66: =F66*'1-Data Input'!$E$6 -> 0 | T66: =G66*'1-Data Input'!$E$7 -> 0 | U66: =H66*'1-Data Input'!$E$8 -> 0 | V66: =I66*'1-Data Input'!$E$9 -> 0 | W66: =J66*'1-Data Input'!$E$10 -> 0 | X66: =K66*'1-Data Input'!$E$11 -> 0 | Y66: =L66*'1-Data Input'!$E$12 -> 0 | Z66: =M66*'1-Data Input'!$E$13 -> 0
A67: 0.375 | B67: 0.022603022 | C67: 0.049162935 | D67: 0.076237312 | E67: 0.090771844 | F67: 0.092683636 | G67: 0.089369119 | H67: 0.089106656 | I67: 0.090597644 | J67: 0.086391761 | K67: 0.087049798 | L67: 0.072839329 | M67: 0.046005884 | N67: 0.375 | O67: =B67*'1-Data Input'!$E$2 -> 0 | P67: =C67*'1-Data Input'!$E$3 -> 0 | Q67: =D67*'1-Data Input'!$E$4 -> 0 | R67: =E67*'1-Data Input'!$E$5 -> 0 | S67: =F67*'1-Data Input'!$E$6 -> 0 | T67: =G67*'1-Data Input'!$E$7 -> 0 | U67: =H67*'1-Data Input'!$E$8 -> 0 | V67: =I67*'1-Data Input'!$E$9 -> 0 | W67: =J67*'1-Data Input'!$E$10 -> 0 | X67: =K67*'1-Data Input'!$E$11 -> 0 | Y67: =L67*'1-Data Input'!$E$12 -> 0 | Z67: =M67*'1-Data Input'!$E$13 -> 0
A68: 0.41666667 | B68: 0.11875715 | C68: 0.093211644 | D68: 0.10586585 | E68: 0.10833984 | F68: 0.11060387 | G68: 0.10355447 | H68: 0.10735759 | I68: 0.10501304 | J68: 0.10802933 | K68: 0.13277957 | L68: 0.13443926 | M68: 0.11370772 | N68: 0.41666667 | O68: =B68*'1-Data Input'!$E$2 -> 0 | P68: =C68*'1-Data Input'!$E$3 -> 0 | Q68: =D68*'1-Data Input'!$E$4 -> 0 | R68: =E68*'1-Data Input'!$E$5 -> 0 | S68: =F68*'1-Data Input'!$E$6 -> 0 | T68: =G68*'1-Data Input'!$E$7 -> 0 | U68: =H68*'1-Data Input'!$E$8 -> 0 | V68: =I68*'1-Data Input'!$E$9 -> 0 | W68: =J68*'1-Data Input'!$E$10 -> 0 | X68: =K68*'1-Data Input'!$E$11 -> 0 | Y68: =L68*'1-Data Input'!$E$12 -> 0 | Z68: =M68*'1-Data Input'!$E$13 -> 0
A69: 0.45833333 | B69: 0.18836314 | C69: 0.12008607 | D69: 0.12025077 | E69: 0.11877613 | F69: 0.11264811 | G69: 0.093992291 | H69: 0.10311793 | I69: 0.11568575 | J69: 0.12799489 | K69: 0.15325271 | L69: 0.16527374 | M69: 0.16481105 | N69: 0.45833333 | O69: =B69*'1-Data Input'!$E$2 -> 0 | P69: =C69*'1-Data Input'!$E$3 -> 0 | Q69: =D69*'1-Data Input'!$E$4 -> 0 | R69: =E69*'1-Data Input'!$E$5 -> 0 | S69: =F69*'1-Data Input'!$E$6 -> 0 | T69: =G69*'1-Data Input'!$E$7 -> 0 | U69: =H69*'1-Data Input'!$E$8 -> 0 | V69: =I69*'1-Data Input'!$E$9 -> 0 | W69: =J69*'1-Data Input'!$E$10 -> 0 | X69: =K69*'1-Data Input'!$E$11 -> 0 | Y69: =L69*'1-Data Input'!$E$12 -> 0 | Z69: =M69*'1-Data Input'!$E$13 -> 0
... A81: 0.95833333 | B81: 0 | C81: 0 | D81: 0 | E81: 0 | F81: 0 | G81: 0 | H81: 0 | I81: 0 | J81: 0 | K81: 0 | L81: 0 | M81: 0 | N81: 0.95833333 | O81: =B81*'1-Data Input'!$E$2 -> 0 | P81: =C81*'1-Data Input'!$E$3 -> 0 | Q81: =D81*'1-Data Input'!$E$4 -> 0 | R81: =E81*'1-Data Input'!$E$5 -> 0 | S81: =F81*'1-Data Input'!$E$6 -> 0 | T81: =G81*'1-Data Input'!$E$7 -> 0 | U81: =H81*'1-Data Input'!$E$8 -> 0 | V81: =I81*'1-Data Input'!$E$9 -> 0 | W81: =J81*'1-Data Input'!$E$10 -> 0 | X81: =K81*'1-Data Input'!$E$11 -> 0 | Y81: =L81*'1-Data Input'!$E$12 -> 0 | Z81: =M81*'1-Data Input'!$E$13 -> 0
A82: Production profile : | G82: Western France
A83: Relative Production | N83: Extrapolated Production
A84: H | B84: Jan | C84: Feb | D84: Mar | E84: Apr | F84: May | G84: Jun | H84: Jul | I84: Aug | J84: Sep | K84: Oct | L84: Nov | M84: Dec | N84: H | O84: Jan | P84: Feb | Q84: Mar | R84: Apr | S84: May | T84: Jun | U84: Jul | V84: Aug | W84: Sep | X84: Oct | Y84: Nov | Z84: Dec
A85: 0 | B85: 0 | C85: 0 | D85: 0 | E85: 0 | F85: 0 | G85: 0 | H85: 0 | I85: 0 | J85: 0 | K85: 0 | L85: 0 | M85: 0 | N85: 0 | O85: =B85*'1-Data Input'!$D$2 -> 0 | P85: =C85*'1-Data Input'!$D$3 -> 0 | Q85: =D85*'1-Data Input'!$D$4 -> 0 | R85: =E85*'1-Data Input'!$D$5 -> 0 | S85: =F85*'1-Data Input'!$D$6 -> 0 | T85: =G85*'1-Data Input'!$D$7 -> 0 | U85: =H85*'1-Data Input'!$D$8 -> 0 | V85: =I85*'1-Data Input'!$D$9 -> 0 | W85: =J85*'1-Data Input'!$D$10 -> 0 | X85: =K85*'1-Data Input'!$D$11 -> 0 | Y85: =L85*'1-Data Input'!$D$12 -> 0 | Z85: =M85*'1-Data Input'!$D$13 -> 0
A86: 0.041666667 | B86: 0 | C86: 0 | D86: 0 | E86: 0 | F86: 0 | G86: 0 | H86: 0 | I86: 0 | J86: 0 | K86: 0 | L86: 0 | M86: 0 | N86: 0.041666667 | O86: =B86*'1-Data Input'!$D$2 -> 0 | P86: =C86*'1-Data Input'!$D$3 -> 0 | Q86: =D86*'1-Data Input'!$D$4 -> 0 | R86: =E86*'1-Data Input'!$D$5 -> 0 | S86: =F86*'1-Data Input'!$D$6 -> 0 | T86: =G86*'1-Data Input'!$D$7 -> 0 | U86: =H86*'1-Data Input'!$D$8 -> 0 | V86: =I86*'1-Data Input'!$D$9 -> 0 | W86: =J86*'1-Data Input'!$D$10 -> 0 | X86: =K86*'1-Data Input'!$D$11 -> 0 | Y86: =L86*'1-Data Input'!$D$12 -> 0 | Z86: =M86*'1-Data Input'!$D$13 -> 0
A87: 0.083333333 | B87: 0 | C87: 0 | D87: 0 | E87: 0 | F87: 0 | G87: 0 | H87: 0 | I87: 0 | J87: 0 | K87: 0 | L87: 0 | M87: 0 | N87: 0.083333333 | O87: =B87*'1-Data Input'!$D$2 -> 0 | P87: =C87*'1-Data Input'!$D$3 -> 0 | Q87: =D87*'1-Data Input'!$D$4 -> 0 | R87: =E87*'1-Data Input'!$D$5 -> 0 | S87: =F87*'1-Data Input'!$D$6 -> 0 | T87: =G87*'1-Data Input'!$D$7 -> 0 | U87: =H87*'1-Data Input'!$D$8 -> 0 | V87: =I87*'1-Data Input'!$D$9 -> 0 | W87: =J87*'1-Data Input'!$D$10 -> 0 | X87: =K87*'1-Data Input'!$D$11 -> 0 | Y87: =L87*'1-Data Input'!$D$12 -> 0 | Z87: =M87*'1-Data Input'!$D$13 -> 0
A88: 0.125 | B88: 0 | C88: 0 | D88: 0 | E88: 0 | F88: 0 | G88: 0 | H88: 0 | I88: 0 | J88: 0 | K88: 0 | L88: 0 | M88: 0 | N88: 0.125 | O88: =B88*'1-Data Input'!$D$2 -> 0 | P88: =C88*'1-Data Input'!$D$3 -> 0 | Q88: =D88*'1-Data Input'!$D$4 -> 0 | R88: =E88*'1-Data Input'!$D$5 -> 0 | S88: =F88*'1-Data Input'!$D$6 -> 0 | T88: =G88*'1-Data Input'!$D$7 -> 0 | U88: =H88*'1-Data Input'!$D$8 -> 0 | V88: =I88*'1-Data Input'!$D$9 -> 0 | W88: =J88*'1-Data Input'!$D$10 -> 0 | X88: =K88*'1-Data Input'!$D$11 -> 0 | Y88: =L88*'1-Data Input'!$D$12 -> 0 | Z88: =M88*'1-Data Input'!$D$13 -> 0
A89: 0.16666667 | B89: 0 | C89: 0 | D89: 0 | E89: 0 | F89: 0 | G89: 0 | H89: 0 | I89: 0 | J89: 0 | K89: 0 | L89: 0 | M89: 0 | N89: 0.16666667 | O89: =B89*'1-Data Input'!$D$2 -> 0 | P89: =C89*'1-Data Input'!$D$3 -> 0 | Q89: =D89*'1-Data Input'!$D$4 -> 0 | R89: =E89*'1-Data Input'!$D$5 -> 0 | S89: =F89*'1-Data Input'!$D$6 -> 0 | T89: =G89*'1-Data Input'!$D$7 -> 0 | U89: =H89*'1-Data Input'!$D$8 -> 0 | V89: =I89*'1-Data Input'!$D$9 -> 0 | W89: =J89*'1-Data Input'!$D$10 -> 0 | X89: =K89*'1-Data Input'!$D$11 -> 0 | Y89: =L89*'1-Data Input'!$D$12 -> 0 | Z89: =M89*'1-Data Input'!$D$13 -> 0
A90: 0.20833333 | B90: 0 | C90: 0 | D90: 0 | E90: 0 | F90: 0.0016694641 | G90: 0.0066202879 | H90: 0.0019306895 | I90: 0 | J90: 0 | K90: 0 | L90: 0 | M90: 0 | N90: 0.20833333 | O90: =B90*'1-Data Input'!$D$2 -> 0 | P90: =C90*'1-Data Input'!$D$3 -> 0 | Q90: =D90*'1-Data Input'!$D$4 -> 0 | R90: =E90*'1-Data Input'!$D$5 -> 0 | S90: =F90*'1-Data Input'!$D$6 -> 0 | T90: =G90*'1-Data Input'!$D$7 -> 0 | U90: =H90*'1-Data Input'!$D$8 -> 0 | V90: =I90*'1-Data Input'!$D$9 -> 0 | W90: =J90*'1-Data Input'!$D$10 -> 0 | X90: =K90*'1-Data Input'!$D$11 -> 0 | Y90: =L90*'1-Data Input'!$D$12 -> 0 | Z90: =M90*'1-Data Input'!$D$13 -> 0
A91: 0.25 | B91: 0 | C91: 0 | D91: 0 | E91: 0.0040167692 | F91: 0.016239159 | G91: 0.020198459 | H91: 0.015534043 | I91: 0.008546055 | J91: 6.859195e-05 | K91: 0 | L91: 0 | M91: 0 | N91: 0.25 | O91: =B91*'1-Data Input'!$D$2 -> 0 | P91: =C91*'1-Data Input'!$D$3 -> 0 | Q91: =D91*'1-Data Input'!$D$4 -> 0 | R91: =E91*'1-Data Input'!$D$5 -> 0 | S91: =F91*'1-Data Input'!$D$6 -> 0 | T91: =G91*'1-Data Input'!$D$7 -> 0 | U91: =H91*'1-Data Input'!$D$8 -> 0 | V91: =I91*'1-Data Input'!$D$9 -> 0 | W91: =J91*'1-Data Input'!$D$10 -> 0 | X91: =K91*'1-Data Input'!$D$11 -> 0 | Y91: =L91*'1-Data Input'!$D$12 -> 0 | Z91: =M91*'1-Data Input'!$D$13 -> 0
A92: 0.29166667 | B92: 0 | C92: 0 | D92: 0.0059357523 | E92: 0.02756773 | F92: 0.042436399 | G92: 0.045794582 | H92: 0.040167483 | I92: 0.035338462 | J92: 0.01830796 | K92: 0.0028633054 | L92: 0.00089330427 | M92: 0 | N92: 0.29166667 | O92: =B92*'1-Data Input'!$D$2 -> 0 | P92: =C92*'1-Data Input'!$D$3 -> 0 | Q92: =D92*'1-Data Input'!$D$4 -> 0 | R92: =E92*'1-Data Input'!$D$5 -> 0 | S92: =F92*'1-Data Input'!$D$6 -> 0 | T92: =G92*'1-Data Input'!$D$7 -> 0 | U92: =H92*'1-Data Input'!$D$8 -> 0 | V92: =I92*'1-Data Input'!$D$9 -> 0 | W92: =J92*'1-Data Input'!$D$10 -> 0 | X92: =K92*'1-Data Input'!$D$11 -> 0 | Y92: =L92*'1-Data Input'!$D$12 -> 0 | Z92: =M92*'1-Data Input'!$D$13 -> 0
A93: 0.33333333 | B93: 0 | C93: 0.0054723383 | D93: 0.036925596 | E93: 0.059886227 | F93: 0.071021361 | G93: 0.06970555 | H93: 0.06491654 | I93: 0.064866111 | J93: 0.050210942 | K93: 0.036782153 | L93: 0.018917531 | M93: 0.0063451587 | N93: 0.33333333 | O93: =B93*'1-Data Input'!$D$2 -> 0 | P93: =C93*'1-Data Input'!$D$3 -> 0 | Q93: =D93*'1-Data Input'!$D$4 -> 0 | R93: =E93*'1-Data Input'!$D$5 -> 0 | S93: =F93*'1-Data Input'!$D$6 -> 0 | T93: =G93*'1-Data Input'!$D$7 -> 0 | U93: =H93*'1-Data Input'!$D$8 -> 0 | V93: =I93*'1-Data Input'!$D$9 -> 0 | W93: =J93*'1-Data Input'!$D$10 -> 0 | X93: =K93*'1-Data Input'!$D$11 -> 0 | Y93: =L93*'1-Data Input'!$D$12 -> 0 | Z93: =M93*'1-Data Input'!$D$13 -> 0
A94: 0.375 | B94: 0.022603022 | C94: 0.049162935 | D94: 0.076237312 | E94: 0.090771844 | F94: 0.092683636 | G94: 0.089369119 | H94: 0.089106656 | I94: 0.090597644 | J94: 0.086391761 | K94: 0.087049798 | L94: 0.072839329 | M94: 0.046005884 | N94: 0.375 | O94: =B94*'1-Data Input'!$D$2 -> 0 | P94: =C94*'1-Data Input'!$D$3 -> 0 | Q94: =D94*'1-Data Input'!$D$4 -> 0 | R94: =E94*'1-Data Input'!$D$5 -> 0 | S94: =F94*'1-Data Input'!$D$6 -> 0 | T94: =G94*'1-Data Input'!$D$7 -> 0 | U94: =H94*'1-Data Input'!$D$8 -> 0 | V94: =I94*'1-Data Input'!$D$9 -> 0 | W94: =J94*'1-Data Input'!$D$10 -> 0 | X94: =K94*'1-Data Input'!$D$11 -> 0 | Y94: =L94*'1-Data Input'!$D$12 -> 0 | Z94: =M94*'1-Data Input'!$D$13 -> 0
A95: 0.41666667 | B95: 0.11875715 | C95: 0.093211644 | D95: 0.10586585 | E95: 0.10833984 | F95: 0.11060387 | G95: 0.10355447 | H95: 0.10735759 | I95: 0.10501304 | J95: 0.10802933 | K95: 0.13277957 | L95: 0.13443926 | M95: 0.11370772 | N95: 0.41666667 | O95: =B95*'1-Data Input'!$D$2 -> 0 | P95: =C95*'1-Data Input'!$D$3 -> 0 | Q95: =D95*'1-Data Input'!$D$4 -> 0 | R95: =E95*'1-Data Input'!$D$5 -> 0 | S95: =F95*'1-Data Input'!$D$6 -> 0 | T95: =G95*'1-Data Input'!$D$7 -> 0 | U95: =H95*'1-Data Input'!$D$8 -> 0 | V95: =I95*'1-Data Input'!$D$9 -> 0 | W95: =J95*'1-Data Input'!$D$10 -> 0 | X95: =K95*'1-Data Input'!$D$11 -> 0 | Y95: =L95*'1-Data Input'!$D$12 -> 0 | Z95: =M95*'1-Data Input'!$D$13 -> 0
A96: 0.45833333 | B96: 0.18836314 | C96: 0.12008607 | D96: 0.12025077 | E96: 0.11877613 | F96: 0.11264811 | G96: 0.093992291 | H96: 0.10311793 | I96: 0.11568575 | J96: 0.12799489 | K96: 0.15325271 | L96: 0.16527374 | M96: 0.16481105 | N96: 0.45833333 | O96: =B96*'1-Data Input'!$D$2 -> 0 | P96: =C96*'1-Data Input'!$D$3 -> 0 | Q96: =D96*'1-Data Input'!$D$4 -> 0 | R96: =E96*'1-Data Input'!$D$5 -> 0 | S96: =F96*'1-Data Input'!$D$6 -> 0 | T96: =G96*'1-Data Input'!$D$7 -> 0 | U96: =H96*'1-Data Input'!$D$8 -> 0 | V96: =I96*'1-Data Input'!$D$9 -> 0 | W96: =J96*'1-Data Input'!$D$10 -> 0 | X96: =K96*'1-Data Input'!$D$11 -> 0 | Y96: =L96*'1-Data Input'!$D$12 -> 0 | Z96: =M96*'1-Data Input'!$D$13 -> 0
... A108: 0.95833333 | B108: 0 | C108: 0 | D108: 0 | E108: 0 | F108: 0 | G108: 0 | H108: 0 | I108: 0 | J108: 0 | K108: 0 | L108: 0 | M108: 0 | N108: 0.95833333 | O108: =B108*'1-Data Input'!$D$2 -> 0 | P108: =C108*'1-Data Input'!$D$3 -> 0 | Q108: =D108*'1-Data Input'!$D$4 -> 0 | R108: =E108*'1-Data Input'!$D$5 -> 0 | S108: =F108*'1-Data Input'!$D$6 -> 0 | T108: =G108*'1-Data Input'!$D$7 -> 0 | U108: =H108*'1-Data Input'!$D$8 -> 0 | V108: =I108*'1-Data Input'!$D$9 -> 0 | W108: =J108*'1-Data Input'!$D$10 -> 0 | X108: =K108*'1-Data Input'!$D$11 -> 0 | Y108: =L108*'1-Data Input'!$D$12 -> 0 | Z108: =M108*'1-Data Input'!$D$13 -> 0
A109: Production profile : | G109: Central France
A110: Relative Production | N110: Extrapolated Production
A111: H | B111: Jan | C111: Feb | D111: Mar | E111: Apr | F111: May | G111: Jun | H111: Jul | I111: Aug | J111: Sep | K111: Oct | L111: Nov | M111: Dec | N111: H | O111: Jan | P111: Feb | Q111: Mar | R111: Apr | S111: May | T111: Jun | U111: Jul | V111: Aug | W111: Sep | X111: Oct | Y111: Nov | Z111: Dec
A112: 0 | B112: 0 | C112: 0 | D112: 0 | E112: 0 | F112: 0 | G112: 0 | H112: 0 | I112: 0 | J112: 0 | K112: 0 | L112: 0 | M112: 0 | N112: 0 | O112: =B112*'1-Data Input'!$D$2 -> 0 | P112: =C112*'1-Data Input'!$D$3 -> 0 | Q112: =D112*'1-Data Input'!$D$4 -> 0 | R112: =E112*'1-Data Input'!$D$5 -> 0 | S112: =F112*'1-Data Input'!$D$6 -> 0 | T112: =G112*'1-Data Input'!$D$7 -> 0 | U112: =H112*'1-Data Input'!$D$8 -> 0 | V112: =I112*'1-Data Input'!$D$9 -> 0 | W112: =J112*'1-Data Input'!$D$10 -> 0 | X112: =K112*'1-Data Input'!$D$11 -> 0 | Y112: =L112*'1-Data Input'!$D$12 -> 0 | Z112: =M112*'1-Data Input'!$D$13 -> 0
A113: 0.041666667 | B113: 0 | C113: 0 | D113: 0 | E113: 0 | F113: 0 | G113: 0 | H113: 0 | I113: 0 | J113: 0 | K113: 0 | L113: 0 | M113: 0 | N113: 0.041666667 | O113: =B113*'1-Data Input'!$D$2 -> 0 | P113: =C113*'1-Data Input'!$D$3 -> 0 | Q113: =D113*'1-Data Input'!$D$4 -> 0 | R113: =E113*'1-Data Input'!$D$5 -> 0 | S113: =F113*'1-Data Input'!$D$6 -> 0 | T113: =G113*'1-Data Input'!$D$7 -> 0 | U113: =H113*'1-Data Input'!$D$8 -> 0 | V113: =I113*'1-Data Input'!$D$9 -> 0 | W113: =J113*'1-Data Input'!$D$10 -> 0 | X113: =K113*'1-Data Input'!$D$11 -> 0 | Y113: =L113*'1-Data Input'!$D$12 -> 0 | Z113: =M113*'1-Data Input'!$D$13 -> 0
A114: 0.083333333 | B114: 0 | C114: 0 | D114: 0 | E114: 0 | F114: 0 | G114: 0 | H114: 0 | I114: 0 | J114: 0 | K114: 0 | L114: 0 | M114: 0 | N114: 0.083333333 | O114: =B114*'1-Data Input'!$D$2 -> 0 | P114: =C114*'1-Data Input'!$D$3 -> 0 | Q114: =D114*'1-Data Input'!$D$4 -> 0 | R114: =E114*'1-Data Input'!$D$5 -> 0 | S114: =F114*'1-Data Input'!$D$6 -> 0 | T114: =G114*'1-Data Input'!$D$7 -> 0 | U114: =H114*'1-Data Input'!$D$8 -> 0 | V114: =I114*'1-Data Input'!$D$9 -> 0 | W114: =J114*'1-Data Input'!$D$10 -> 0 | X114: =K114*'1-Data Input'!$D$11 -> 0 | Y114: =L114*'1-Data Input'!$D$12 -> 0 | Z114: =M114*'1-Data Input'!$D$13 -> 0
A115: 0.125 | B115: 0 | C115: 0 | D115: 0 | E115: 0 | F115: 0 | G115: 0 | H115: 0 | I115: 0 | J115: 0 | K115: 0 | L115: 0 | M115: 0 | N115: 0.125 | O115: =B115*'1-Data Input'!$D$2 -> 0 | P115: =C115*'1-Data Input'!$D$3 -> 0 | Q115: =D115*'1-Data Input'!$D$4 -> 0 | R115: =E115*'1-Data Input'!$D$5 -> 0 | S115: =F115*'1-Data Input'!$D$6 -> 0 | T115: =G115*'1-Data Input'!$D$7 -> 0 | U115: =H115*'1-Data Input'!$D$8 -> 0 | V115: =I115*'1-Data Input'!$D$9 -> 0 | W115: =J115*'1-Data Input'!$D$10 -> 0 | X115: =K115*'1-Data Input'!$D$11 -> 0 | Y115: =L115*'1-Data Input'!$D$12 -> 0 | Z115: =M115*'1-Data Input'!$D$13 -> 0
A116: 0.16666667 | B116: 0 | C116: 0 | D116: 0 | E116: 0 | F116: 0 | G116: 0 | H116: 0 | I116: 0 | J116: 0 | K116: 0 | L116: 0 | M116: 0 | N116: 0.16666667 | O116: =B116*'1-Data Input'!$D$2 -> 0 | P116: =C116*'1-Data Input'!$D$3 -> 0 | Q116: =D116*'1-Data Input'!$D$4 -> 0 | R116: =E116*'1-Data Input'!$D$5 -> 0 | S116: =F116*'1-Data Input'!$D$6 -> 0 | T116: =G116*'1-Data Input'!$D$7 -> 0 | U116: =H116*'1-Data Input'!$D$8 -> 0 | V116: =I116*'1-Data Input'!$D$9 -> 0 | W116: =J116*'1-Data Input'!$D$10 -> 0 | X116: =K116*'1-Data Input'!$D$11 -> 0 | Y116: =L116*'1-Data Input'!$D$12 -> 0 | Z116: =M116*'1-Data Input'!$D$13 -> 0
A117: 0.20833333 | B117: 0 | C117: 0 | D117: 0 | E117: 0 | F117: 0.0016694641 | G117: 0.0066202879 | H117: 0.0019306895 | I117: 0 | J117: 0 | K117: 0 | L117: 0 | M117: 0 | N117: 0.20833333 | O117: =B117*'1-Data Input'!$D$2 -> 0 | P117: =C117*'1-Data Input'!$D$3 -> 0 | Q117: =D117*'1-Data Input'!$D$4 -> 0 | R117: =E117*'1-Data Input'!$D$5 -> 0 | S117: =F117*'1-Data Input'!$D$6 -> 0 | T117: =G117*'1-Data Input'!$D$7 -> 0 | U117: =H117*'1-Data Input'!$D$8 -> 0 | V117: =I117*'1-Data Input'!$D$9 -> 0 | W117: =J117*'1-Data Input'!$D$10 -> 0 | X117: =K117*'1-Data Input'!$D$11 -> 0 | Y117: =L117*'1-Data Input'!$D$12 -> 0 | Z117: =M117*'1-Data Input'!$D$13 -> 0
A118: 0.25 | B118: 0 | C118: 0 | D118: 0 | E118: 0.0040167692 | F118: 0.016239159 | G118: 0.020198459 | H118: 0.015534043 | I118: 0.008546055 | J118: 6.859195e-05 | K118: 0 | L118: 0 | M118: 0 | N118: 0.25 | O118: =B118*'1-Data Input'!$D$2 -> 0 | P118: =C118*'1-Data Input'!$D$3 -> 0 | Q118: =D118*'1-Data Input'!$D$4 -> 0 | R118: =E118*'1-Data Input'!$D$5 -> 0 | S118: =F118*'1-Data Input'!$D$6 -> 0 | T118: =G118*'1-Data Input'!$D$7 -> 0 | U118: =H118*'1-Data Input'!$D$8 -> 0 | V118: =I118*'1-Data Input'!$D$9 -> 0 | W118: =J118*'1-Data Input'!$D$10 -> 0 | X118: =K118*'1-Data Input'!$D$11 -> 0 | Y118: =L118*'1-Data Input'!$D$12 -> 0 | Z118: =M118*'1-Data Input'!$D$13 -> 0
A119: 0.29166667 | B119: 0 | C119: 0 | D119: 0.0059357523 | E119: 0.02756773 | F119: 0.042436399 | G119: 0.045794582 | H119: 0.040167483 | I119: 0.035338462 | J119: 0.01830796 | K119: 0.0028633054 | L119: 0.00089330427 | M119: 0 | N119: 0.29166667 | O119: =B119*'1-Data Input'!$D$2 -> 0 | P119: =C119*'1-Data Input'!$D$3 -> 0 | Q119: =D119*'1-Data Input'!$D$4 -> 0 | R119: =E119*'1-Data Input'!$D$5 -> 0 | S119: =F119*'1-Data Input'!$D$6 -> 0 | T119: =G119*'1-Data Input'!$D$7 -> 0 | U119: =H119*'1-Data Input'!$D$8 -> 0 | V119: =I119*'1-Data Input'!$D$9 -> 0 | W119: =J119*'1-Data Input'!$D$10 -> 0 | X119: =K119*'1-Data Input'!$D$11 -> 0 | Y119: =L119*'1-Data Input'!$D$12 -> 0 | Z119: =M119*'1-Data Input'!$D$13 -> 0
A120: 0.33333333 | B120: 0 | C120: 0.0054723383 | D120: 0.036925596 | E120: 0.059886227 | F120: 0.071021361 | G120: 0.06970555 | H120: 0.06491654 | I120: 0.064866111 | J120: 0.050210942 | K120: 0.036782153 | L120: 0.018917531 | M120: 0.0063451587 | N120: 0.33333333 | O120: =B120*'1-Data Input'!$D$2 -> 0 | P120: =C120*'1-Data Input'!$D$3 -> 0 | Q120: =D120*'1-Data Input'!$D$4 -> 0 | R120: =E120*'1-Data Input'!$D$5 -> 0 | S120: =F120*'1-Data Input'!$D$6 -> 0 | T120: =G120*'1-Data Input'!$D$7 -> 0 | U120: =H120*'1-Data Input'!$D$8 -> 0 | V120: =I120*'1-Data Input'!$D$9 -> 0 | W120: =J120*'1-Data Input'!$D$10 -> 0 | X120: =K120*'1-Data Input'!$D$11 -> 0 | Y120: =L120*'1-Data Input'!$D$12 -> 0 | Z120: =M120*'1-Data Input'!$D$13 -> 0
A121: 0.375 | B121: 0.022603022 | C121: 0.049162935 | D121: 0.076237312 | E121: 0.090771844 | F121: 0.092683636 | G121: 0.089369119 | H121: 0.089106656 | I121: 0.090597644 | J121: 0.086391761 | K121: 0.087049798 | L121: 0.072839329 | M121: 0.046005884 | N121: 0.375 | O121: =B121*'1-Data Input'!$D$2 -> 0 | P121: =C121*'1-Data Input'!$D$3 -> 0 | Q121: =D121*'1-Data Input'!$D$4 -> 0 | R121: =E121*'1-Data Input'!$D$5 -> 0 | S121: =F121*'1-Data Input'!$D$6 -> 0 | T121: =G121*'1-Data Input'!$D$7 -> 0 | U121: =H121*'1-Data Input'!$D$8 -> 0 | V121: =I121*'1-Data Input'!$D$9 -> 0 | W121: =J121*'1-Data Input'!$D$10 -> 0 | X121: =K121*'1-Data Input'!$D$11 -> 0 | Y121: =L121*'1-Data Input'!$D$12 -> 0 | Z121: =M121*'1-Data Input'!$D$13 -> 0
A122: 0.41666667 | B122: 0.11875715 | C122: 0.093211644 | D122: 0.10586585 | E122: 0.10833984 | F122: 0.11060387 | G122: 0.10355447 | H122: 0.10735759 | I122: 0.10501304 | J122: 0.10802933 | K122: 0.13277957 | L122: 0.13443926 | M122: 0.11370772 | N122: 0.41666667 | O122: =B122*'1-Data Input'!$D$2 -> 0 | P122: =C122*'1-Data Input'!$D$3 -> 0 | Q122: =D122*'1-Data Input'!$D$4 -> 0 | R122: =E122*'1-Data Input'!$D$5 -> 0 | S122: =F122*'1-Data Input'!$D$6 -> 0 | T122: =G122*'1-Data Input'!$D$7 -> 0 | U122: =H122*'1-Data Input'!$D$8 -> 0 | V122: =I122*'1-Data Input'!$D$9 -> 0 | W122: =J122*'1-Data Input'!$D$10 -> 0 | X122: =K122*'1-Data Input'!$D$11 -> 0 | Y122: =L122*'1-Data Input'!$D$12 -> 0 | Z122: =M122*'1-Data Input'!$D$13 -> 0
A123: 0.45833333 | B123: 0.18836314 | C123: 0.12008607 | D123: 0.12025077 | E123: 0.11877613 | F123: 0.11264811 | G123: 0.093992291 | H123: 0.10311793 | I123: 0.11568575 | J123: 0.12799489 | K123: 0.15325271 | L123: 0.16527374 | M123: 0.16481105 | N123: 0.45833333 | O123: =B123*'1-Data Input'!$D$2 -> 0 | P123: =C123*'1-Data Input'!$D$3 -> 0 | Q123: =D123*'1-Data Input'!$D$4 -> 0 | R123: =E123*'1-Data Input'!$D$5 -> 0 | S123: =F123*'1-Data Input'!$D$6 -> 0 | T123: =G123*'1-Data Input'!$D$7 -> 0 | U123: =H123*'1-Data Input'!$D$8 -> 0 | V123: =I123*'1-Data Input'!$D$9 -> 0 | W123: =J123*'1-Data Input'!$D$10 -> 0 | X123: =K123*'1-Data Input'!$D$11 -> 0 | Y123: =L123*'1-Data Input'!$D$12 -> 0 | Z123: =M123*'1-Data Input'!$D$13 -> 0
... A135: 0.95833333 | B135: 0 | C135: 0 | D135: 0 | E135: 0 | F135: 0 | G135: 0 | H135: 0 | I135: 0 | J135: 0 | K135: 0 | L135: 0 | M135: 0 | N135: 0.95833333 | O135: =B135*'1-Data Input'!$D$2 -> 0 | P135: =C135*'1-Data Input'!$D$3 -> 0 | Q135: =D135*'1-Data Input'!$D$4 -> 0 | R135: =E135*'1-Data Input'!$D$5 -> 0 | S135: =F135*'1-Data Input'!$D$6 -> 0 | T135: =G135*'1-Data Input'!$D$7 -> 0 | U135: =H135*'1-Data Input'!$D$8 -> 0 | V135: =I135*'1-Data Input'!$D$9 -> 0 | W135: =J135*'1-Data Input'!$D$10 -> 0 | X135: =K135*'1-Data Input'!$D$11 -> 0 | Y135: =L135*'1-Data Input'!$D$12 -> 0 | Z135: =M135*'1-Data Input'!$D$13 -> 0
A136: Production profile : | G136: Custom made - Pacapime
A137: Relative Production | N137: Extrapolated Production
A138: H | B138: Jan | C138: Feb | D138: Mar | E138: Apr | F138: May | G138: Jun | H138: Jul | I138: Aug | J138: Sep | K138: Oct | L138: Nov | M138: Dec | N138: H | O138: Jan | P138: Feb | Q138: Mar | R138: Apr | S138: May | T138: Jun | U138: Jul | V138: Aug | W138: Sep | X138: Oct | Y138: Nov | Z138: Dec
A139: 0 | B139: 0 | C139: 0 | D139: 0 | E139: 0 | F139: 0 | G139: 0 | H139: 0 | I139: 0 | J139: 0 | K139: 0 | L139: 0 | M139: 0 | N139: 0 | O139: =B139*'1-Data Input'!$E$2 -> 0 | P139: =C139*'1-Data Input'!$E$3 -> 0 | Q139: =D139*'1-Data Input'!$E$4 -> 0 | R139: =E139*'1-Data Input'!$E$5 -> 0 | S139: =F139*'1-Data Input'!$E$6 -> 0 | T139: =G139*'1-Data Input'!$E$7 -> 0 | U139: =H139*'1-Data Input'!$E$8 -> 0 | V139: =I139*'1-Data Input'!$E$9 -> 0 | W139: =J139*'1-Data Input'!$E$10 -> 0 | X139: =K139*'1-Data Input'!$E$11 -> 0 | Y139: =L139*'1-Data Input'!$E$12 -> 0 | Z139: =M139*'1-Data Input'!$E$13 -> 0 | AA139: 10 | AB139: 10 | AC139: 10 | AD139: 10 | AE139: 10 | AF139: 10 | AG139: 10 | AH139: 10 | AI139: 10 | AJ139: 10 | AK139: 10 | AL139: 10 | AM139: 10 | AN139: 10 | AO139: 10 | AP139: 10 | AQ139: 10 | AR139: 10 | AS139: 10 | AT139: 10 | AU139: 10 | AV139: 10 | AW139: 10 | AX139: 10 | AY139: 10 | AZ139: 10 | BA139: 10 | BB139: 10 | BC139: 10 | BD139: 10
A140: 0.041666667 | B140: 0 | C140: 0 | D140: 0 | E140: 0 | F140: 0 | G140: 0 | H140: 0 | I140: 0 | J140: 0 | K140: 0 | L140: 0 | M140: 0 | N140: 0.041666667 | O140: =B140*'1-Data Input'!$E$2 -> 0 | P140: =C140*'1-Data Input'!$E$3 -> 0 | Q140: =D140*'1-Data Input'!$E$4 -> 0 | R140: =E140*'1-Data Input'!$E$5 -> 0 | S140: =F140*'1-Data Input'!$E$6 -> 0 | T140: =G140*'1-Data Input'!$E$7 -> 0 | U140: =H140*'1-Data Input'!$E$8 -> 0 | V140: =I140*'1-Data Input'!$E$9 -> 0 | W140: =J140*'1-Data Input'!$E$10 -> 0 | X140: =K140*'1-Data Input'!$E$11 -> 0 | Y140: =L140*'1-Data Input'!$E$12 -> 0 | Z140: =M140*'1-Data Input'!$E$13 -> 0
A141: 0.083333333 | B141: 0 | C141: 0 | D141: 0 | E141: 0 | F141: 0 | G141: 0 | H141: 0 | I141: 0 | J141: 0 | K141: 0 | L141: 0 | M141: 0 | N141: 0.083333333 | O141: =B141*'1-Data Input'!$E$2 -> 0 | P141: =C141*'1-Data Input'!$E$3 -> 0 | Q141: =D141*'1-Data Input'!$E$4 -> 0 | R141: =E141*'1-Data Input'!$E$5 -> 0 | S141: =F141*'1-Data Input'!$E$6 -> 0 | T141: =G141*'1-Data Input'!$E$7 -> 0 | U141: =H141*'1-Data Input'!$E$8 -> 0 | V141: =I141*'1-Data Input'!$E$9 -> 0 | W141: =J141*'1-Data Input'!$E$10 -> 0 | X141: =K141*'1-Data Input'!$E$11 -> 0 | Y141: =L141*'1-Data Input'!$E$12 -> 0 | Z141: =M141*'1-Data Input'!$E$13 -> 0
A142: 0.125 | B142: 0 | C142: 0 | D142: 0 | E142: 0 | F142: 0.0015352447 | G142: 0.0034893297 | H142: 0.0019233888 | I142: 0 | J142: 0 | K142: 0 | L142: 0 | M142: 0 | N142: 0.125 | O142: =B142*'1-Data Input'!$E$2 -> 0 | P142: =C142*'1-Data Input'!$E$3 -> 0 | Q142: =D142*'1-Data Input'!$E$4 -> 0 | R142: =E142*'1-Data Input'!$E$5 -> 0 | S142: =F142*'1-Data Input'!$E$6 -> 0 | T142: =G142*'1-Data Input'!$E$7 -> 0 | U142: =H142*'1-Data Input'!$E$8 -> 0 | V142: =I142*'1-Data Input'!$E$9 -> 0 | W142: =J142*'1-Data Input'!$E$10 -> 0 | X142: =K142*'1-Data Input'!$E$11 -> 0 | Y142: =L142*'1-Data Input'!$E$12 -> 0 | Z142: =M142*'1-Data Input'!$E$13 -> 0
A143: 0.16666667 | B143: 0 | C143: 0 | D143: 0 | E143: 0 | F143: 0.0015352447 | G143: 0.0034893297 | H143: 0.0019233888 | I143: 0 | J143: 0 | K143: 0 | L143: 0 | M143: 0 | N143: 0.16666667 | O143: =B143*'1-Data Input'!$E$2 -> 0 | P143: =C143*'1-Data Input'!$E$3 -> 0 | Q143: =D143*'1-Data Input'!$E$4 -> 0 | R143: =E143*'1-Data Input'!$E$5 -> 0 | S143: =F143*'1-Data Input'!$E$6 -> 0 | T143: =G143*'1-Data Input'!$E$7 -> 0 | U143: =H143*'1-Data Input'!$E$8 -> 0 | V143: =I143*'1-Data Input'!$E$9 -> 0 | W143: =J143*'1-Data Input'!$E$10 -> 0 | X143: =K143*'1-Data Input'!$E$11 -> 0 | Y143: =L143*'1-Data Input'!$E$12 -> 0 | Z143: =M143*'1-Data Input'!$E$13 -> 0
A144: 0.20833333 | B144: 0 | C144: 0 | D144: 0 | E144: 0.0028870761 | F144: 0.010530263 | G144: 0.015633858 | H144: 0.011449028 | I144: 0.0051134113 | J144: 0.00039845547 | K144: 0 | L144: 0 | M144: 0 | N144: 0.20833333 | O144: =B144*'1-Data Input'!$E$2 -> 0 | P144: =C144*'1-Data Input'!$E$3 -> 0 | Q144: =D144*'1-Data Input'!$E$4 -> 0 | R144: =E144*'1-Data Input'!$E$5 -> 0 | S144: =F144*'1-Data Input'!$E$6 -> 0 | T144: =G144*'1-Data Input'!$E$7 -> 0 | U144: =H144*'1-Data Input'!$E$8 -> 0 | V144: =I144*'1-Data Input'!$E$9 -> 0 | W144: =J144*'1-Data Input'!$E$10 -> 0 | X144: =K144*'1-Data Input'!$E$11 -> 0 | Y144: =L144*'1-Data Input'!$E$12 -> 0 | Z144: =M144*'1-Data Input'!$E$13 -> 0
A145: 0.25 | B145: 0 | C145: 0 | D145: 0.0026331378 | E145: 0.017277388 | F145: 0.031004165 | G145: 0.034232486 | H145: 0.030550327 | I145: 0.022669856 | J145: 0.010836127 | K145: 0.0017993479 | L145: 0 | M145: 0 | N145: 0.25 | O145: =B145*'1-Data Input'!$E$2 -> 0 | P145: =C145*'1-Data Input'!$E$3 -> 0 | Q145: =D145*'1-Data Input'!$E$4 -> 0 | R145: =E145*'1-Data Input'!$E$5 -> 0 | S145: =F145*'1-Data Input'!$E$6 -> 0 | T145: =G145*'1-Data Input'!$E$7 -> 0 | U145: =H145*'1-Data Input'!$E$8 -> 0 | V145: =I145*'1-Data Input'!$E$9 -> 0 | W145: =J145*'1-Data Input'!$E$10 -> 0 | X145: =K145*'1-Data Input'!$E$11 -> 0 | Y145: =L145*'1-Data Input'!$E$12 -> 0 | Z145: =M145*'1-Data Input'!$E$13 -> 0
A146: 0.29166667 | B146: 0 | C146: 0.0040393023 | D146: 0.019562694 | E146: 0.044874136 | F146: 0.05594228 | G146: 0.055561877 | H146: 0.052566884 | I146: 0.048253731 | J146: 0.039827065 | K146: 0.019658141 | L146: 0.0047613524 | M146: 0 | N146: 0.29166667 | O146: =B146*'1-Data Input'!$E$2 -> 0 | P146: =C146*'1-Data Input'!$E$3 -> 0 | Q146: =D146*'1-Data Input'!$E$4 -> 0 | R146: =E146*'1-Data Input'!$E$5 -> 0 | S146: =F146*'1-Data Input'!$E$6 -> 0 | T146: =G146*'1-Data Input'!$E$7 -> 0 | U146: =H146*'1-Data Input'!$E$8 -> 0 | V146: =I146*'1-Data Input'!$E$9 -> 0 | W146: =J146*'1-Data Input'!$E$10 -> 0 | X146: =K146*'1-Data Input'!$E$11 -> 0 | Y146: =L146*'1-Data Input'!$E$12 -> 0 | Z146: =M146*'1-Data Input'!$E$13 -> 0
A147: 0.33333333 | B147: 0.016816834 | C147: 0.027758931 | D147: 0.05463375 | E147: 0.073033622 | F147: 0.077491429 | G147: 0.075661806 | H147: 0.072316131 | I147: 0.07513794 | J147: 0.073019466 | K147: 0.058524203 | L147: 0.035340255 | M147: 0.016221505 | N147: 0.33333333 | O147: =B147*'1-Data Input'!$E$2 -> 0 | P147: =C147*'1-Data Input'!$E$3 -> 0 | Q147: =D147*'1-Data Input'!$E$4 -> 0 | R147: =E147*'1-Data Input'!$E$5 -> 0 | S147: =F147*'1-Data Input'!$E$6 -> 0 | T147: =G147*'1-Data Input'!$E$7 -> 0 | U147: =H147*'1-Data Input'!$E$8 -> 0 | V147: =I147*'1-Data Input'!$E$9 -> 0 | W147: =J147*'1-Data Input'!$E$10 -> 0 | X147: =K147*'1-Data Input'!$E$11 -> 0 | Y147: =L147*'1-Data Input'!$E$12 -> 0 | Z147: =M147*'1-Data Input'!$E$13 -> 0
A148: 0.375 | B148: 0.071119915 | C148: 0.07308091 | D148: 0.089742971 | E148: 0.098691173 | F148: 0.096116931 | G148: 0.091423666 | H148: 0.087913034 | I148: 0.096710707 | J148: 0.10245831 | K148: 0.096588414 | L148: 0.094662355 | M148: 0.073988325 | N148: 0.375 | O148: =B148*'1-Data Input'!$E$2 -> 0 | P148: =C148*'1-Data Input'!$E$3 -> 0 | Q148: =D148*'1-Data Input'!$E$4 -> 0 | R148: =E148*'1-Data Input'!$E$5 -> 0 | S148: =F148*'1-Data Input'!$E$6 -> 0 | T148: =G148*'1-Data Input'!$E$7 -> 0 | U148: =H148*'1-Data Input'!$E$8 -> 0 | V148: =I148*'1-Data Input'!$E$9 -> 0 | W148: =J148*'1-Data Input'!$E$10 -> 0 | X148: =K148*'1-Data Input'!$E$11 -> 0 | Y148: =L148*'1-Data Input'!$E$12 -> 0 | Z148: =M148*'1-Data Input'!$E$13 -> 0
A149: 0.41666667 | B149: 0.13607549 | C149: 0.11448132 | D149: 0.11782044 | E149: 0.12101983 | F149: 0.10900821 | G149: 0.098891755 | H149: 0.094752321 | I149: 0.1092722 | J149: 0.12526082 | K149: 0.12977681 | L149: 0.14108896 | M149: 0.14638663 | N149: 0.41666667 | O149: =B149*'1-Data Input'!$E$2 -> 0 | P149: =C149*'1-Data Input'!$E$3 -> 0 | Q149: =D149*'1-Data Input'!$E$4 -> 0 | R149: =E149*'1-Data Input'!$E$5 -> 0 | S149: =F149*'1-Data Input'!$E$6 -> 0 | T149: =G149*'1-Data Input'!$E$7 -> 0 | U149: =H149*'1-Data Input'!$E$8 -> 0 | V149: =I149*'1-Data Input'!$E$9 -> 0 | W149: =J149*'1-Data Input'!$E$10 -> 0 | X149: =K149*'1-Data Input'!$E$11 -> 0 | Y149: =L149*'1-Data Input'!$E$12 -> 0 | Z149: =M149*'1-Data Input'!$E$13 -> 0
A150: 0.45833333 | B150: 0.17953782 | C150: 0.14426553 | D150: 0.13509644 | E150: 0.1287533 | F150: 0.1102037 | G150: 0.10140449 | H150: 0.098769908 | I150: 0.11715941 | J150: 0.13760831 | K150: 0.14566432 | L150: 0.15950866 | M150: 0.18736026 | N150: 0.45833333 | O150: =B150*'1-Data Input'!$E$2 -> 0 | P150: =C150*'1-Data Input'!$E$3 -> 0 | Q150: =D150*'1-Data Input'!$E$4 -> 0 | R150: =E150*'1-Data Input'!$E$5 -> 0 | S150: =F150*'1-Data Input'!$E$6 -> 0 | T150: =G150*'1-Data Input'!$E$7 -> 0 | U150: =H150*'1-Data Input'!$E$8 -> 0 | V150: =I150*'1-Data Input'!$E$9 -> 0 | W150: =J150*'1-Data Input'!$E$10 -> 0 | X150: =K150*'1-Data Input'!$E$11 -> 0 | Y150: =L150*'1-Data Input'!$E$12 -> 0 | Z150: =M150*'1-Data Input'!$E$13 -> 0
...

Sheet 4-Battery needs
A1: Delta between production and consumption (average day)
A2: Time | B2: Jan | C2: Feb | D2: Mar | E2: Apr | F2: May | G2: Jun | H2: Jul | I2: Aug | J2: Sep | K2: Oct | L2: Nov | M2: Dec | O2: DATA
A3: 0 | B3: {=(OFFSET(INDIRECT("'3-Production profile'!"&ADDRESS(MATCH($P$4, '3-Production profile'!$G:$G, 0), 7)), 3, 8, 24, 12))-(OFFSET(INDIRECT("'2-Consumption profiles'!"&ADDRESS(MATCH($P$3, '2-Consumption profiles'!$G:$G, 0), 7)), 3, 8, 24, 12))} -> 0 | C3: 0 | D3: 0 | E3: 0 | F3: 0 | G3: 0 | H3: 0 | I3: 0 | J3: 0 | K3: 0 | L3: 0 | M3: 0 | O3: Consumption profile : | P3: ='1-Data Input'!C15 -> Office building with gas heating, with A/C
A4: 0.041666667 | B4: 0 | C4: 0 | D4: 0 | E4: 0 | F4: 0 | G4: 0 | H4: 0 | I4: 0 | J4: 0 | K4: 0 | L4: 0 | M4: 0 | O4: Production profile : | P4: ='1-Data Input'!C16 -> Belgium
A5: 0.083333333 | B5: 0 | C5: 0 | D5: 0 | E5: 0 | F5: 0 | G5: 0 | H5: 0 | I5: 0 | J5: 0 | K5: 0 | L5: 0 | M5: 0
A6: 0.125 | B6: 0 | C6: 0 | D6: 0 | E6: 0 | F6: 0 | G6: 0 | H6: 0 | I6: 0 | J6: 0 | K6: 0 | L6: 0 | M6: 0 | O6: OUTPUT
A7: 0.16666667 | B7: 0 | C7: 0 | D7: 0 | E7: 0 | F7: 0 | G7: 0 | H7: 0 | I7: 0 | J7: 0 | K7: 0 | L7: 0 | M7: 0 | O7: Avg Excess Needs | P7: =AVERAGE(B80:M80) -> 0
A8: 0.20833333 | B8: 0 | C8: 0 | D8: 0 | E8: 0 | F8: 0 | G8: 0 | H8: 0 | I8: 0 | J8: 0 | K8: 0 | L8: 0 | M8: 0 | O8: Min Excess Needs | P8: =MIN(B80:M80) -> 0
A9: 0.25 | B9: 0 | C9: 0 | D9: 0 | E9: 0 | F9: 0 | G9: 0 | H9: 0 | I9: 0 | J9: 0 | K9: 0 | L9: 0 | M9: 0 | O9: Max Excess Needs | P9: =MAX(B80:M80) -> 0
A10: 0.29166667 | B10: 0 | C10: 0 | D10: 0 | E10: 0 | F10: 0 | G10: 0 | H10: 0 | I10: 0 | J10: 0 | K10: 0 | L10: 0 | M10: 0 | O10: Avg Excess Prod | P10: =AVERAGE(B53:M53) -> 0
A11: 0.33333333 | B11: 0 | C11: 0 | D11: 0 | E11: 0 | F11: 0 | G11: 0 | H11: 0 | I11: 0 | J11: 0 | K11: 0 | L11: 0 | M11: 0 | O11: Min Excess Prod | P11: =MIN(B53:M53) -> 0
A12: 0.375 | B12: 0 | C12: 0 | D12: 0 | E12: 0 | F12: 0 | G12: 0 | H12: 0 | I12: 0 | J12: 0 | K12: 0 | L12: 0 | M12: 0 | O12: Max Excess Prod | P12: =MAX(B53:M53) -> 0
A13: 0.41666667 | B13: 0 | C13: 0 | D13: 0 | E13: 0 | F13: 0 | G13: 0 | H13: 0 | I13: 0 | J13: 0 | K13: 0 | L13: 0 | M13: 0 | O13: Avg battery needs | P13: =MIN(P7, P10) -> 0
A14: 0.45833333 | B14: 0 | C14: 0 | D14: 0 | E14: 0 | F14: 0 | G14: 0 | H14: 0 | I14: 0 | J14: 0 | K14: 0 | L14: 0 | M14: 0 | O14: Min battery needs | P14: =MIN(P8, P11) -> 0
A15: 0.5 | B15: 0 | C15: 0 | D15: 0 | E15: 0 | F15: 0 | G15: 0 | H15: 0 | I15: 0 | J15: 0 | K15: 0 | L15: 0 | M15: 0 | O15: Max battery needs | P15: =MIN(P9, P12) -> 0
A16: 0.54166667 | B16: 0 | C16: 0 | D16: 0 | E16: 0 | F16: 0 | G16: 0 | H16: 0 | I16: 0 | J16: 0 | K16: 0 | L16: 0 | M16: 0
A17: 0.58333333 | B17: 0 | C17: 0 | D17: 0 | E17: 0 | F17: 0 | G17: 0 | H17: 0 | I17: 0 | J17: 0 | K17: 0 | L17: 0 | M17: 0 | O17: Offtake tariff (MWh) | P17: 250
A18: 0.625 | B18: 0 | C18: 0 | D18: 0 | E18: 0 | F18: 0 | G18: 0 | H18: 0 | I18: 0 | J18: 0 | K18: 0 | L18: 0 | M18: 0 | O18: Injection tariff (MWh) | P18: 50
A19: 0.66666667 | B19: 0 | C19: 0 | D19: 0 | E19: 0 | F19: 0 | G19: 0 | H19: 0 | I19: 0 | J19: 0 | K19: 0 | L19: 0 | M19: 0
A20: 0.70833333 | B20: 0 | C20: 0 | D20: 0 | E20: 0 | F20: 0 | G20: 0 | H20: 0 | I20: 0 | J20: 0 | K20: 0 | L20: 0 | M20: 0 | O20: Yearly savings | P20: =365*P13*(P17-P18)/1000 -> 0
A21: 0.75 | B21: 0 | C21: 0 | D21: 0 | E21: 0 | F21: 0 | G21: 0 | H21: 0 | I21: 0 | J21: 0 | K21: 0 | L21: 0 | M21: 0
A22: 0.79166667 | B22: 0 | C22: 0 | D22: 0 | E22: 0 | F22: 0 | G22: 0 | H22: 0 | I22: 0 | J22: 0 | K22: 0 | L22: 0 | M22: 0
A23: 0.83333333 | B23: 0 | C23: 0 | D23: 0 | E23: 0 | F23: 0 | G23: 0 | H23: 0 | I23: 0 | J23: 0 | K23: 0 | L23: 0 | M23: 0
A24: 0.875 | B24: 0 | C24: 0 | D24: 0 | E24: 0 | F24: 0 | G24: 0 | H24: 0 | I24: 0 | J24: 0 | K24: 0 | L24: 0 | M24: 0
A25: 0.91666667 | B25: 0 | C25: 0 | D25: 0 | E25: 0 | F25: 0 | G25: 0 | H25: 0 | I25: 0 | J25: 0 | K25: 0 | L25: 0 | M25: 0
A26: 0.95833333 | B26: 0 | C26: 0 | D26: 0 | E26: 0 | F26: 0 | G26: 0 | H26: 0 | I26: 0 | J26: 0 | K26: 0 | L26: 0 | M26: 0
A27: Injection (average day)
A28: Time | B28: Jan | C28: Feb | D28: Mar | E28: Apr | F28: May | G28: Jun | H28: Jul | I28: Aug | J28: Sep | K28: Oct | L28: Nov | M28: Dec
A29: 0 | B29: =MAX(B3, 0) -> 0 | C29: =MAX(C3, 0) -> 0 | D29: =MAX(D3, 0) -> 0 | E29: =MAX(E3, 0) -> 0 | F29: =MAX(F3, 0) -> 0 | G29: =MAX(G3, 0) -> 0 | H29: =MAX(H3, 0) -> 0 | I29: =MAX(I3, 0) -> 0 | ... M29: =MAX(M3, 0) -> 0
A30: 0.041666667 | B30: =MAX(B4, 0) -> 0 | C30: =MAX(C4, 0) -> 0 | D30: =MAX(D4, 0) -> 0 | E30: =MAX(E4, 0) -> 0 | F30: =MAX(F4, 0) -> 0 | G30: =MAX(G4, 0) -> 0 | H30: =MAX(H4, 0) -> 0 | I30: =MAX(I4, 0) -> 0 | ... M30: =MAX(M4, 0) -> 0
A31: 0.083333333 | B31: =MAX(B5, 0) -> 0 | C31: =MAX(C5, 0) -> 0 | D31: =MAX(D5, 0) -> 0 | E31: =MAX(E5, 0) -> 0 | F31: =MAX(F5, 0) -> 0 | G31: =MAX(G5, 0) -> 0 | H31: =MAX(H5, 0) -> 0 | I31: =MAX(I5, 0) -> 0 | ... M31: =MAX(M5, 0) -> 0
A32: 0.125 | B32: =MAX(B6, 0) -> 0 | C32: =MAX(C6, 0) -> 0 | D32: =MAX(D6, 0) -> 0 | E32: =MAX(E6, 0) -> 0 | F32: =MAX(F6, 0) -> 0 | G32: =MAX(G6, 0) -> 0 | H32: =MAX(H6, 0) -> 0 | I32: =MAX(I6, 0) -> 0 | ... M32: =MAX(M6, 0) -> 0
A33: 0.16666667 | B33: =MAX(B7, 0) -> 0 | C33: =MAX(C7, 0) -> 0 | D33: =MAX(D7, 0) -> 0 | E33: =MAX(E7, 0) -> 0 | F33: =MAX(F7, 0) -> 0 | G33: =MAX(G7, 0) -> 0 | H33: =MAX(H7, 0) -> 0 | I33: =MAX(I7, 0) -> 0 | ... M33: =MAX(M7, 0) -> 0
A34: 0.20833333 | B34: =MAX(B8, 0) -> 0 | C34: =MAX(C8, 0) -> 0 | D34: =MAX(D8, 0) -> 0 | E34: =MAX(E8, 0) -> 0 | F34: =MAX(F8, 0) -> 0 | G34: =MAX(G8, 0) -> 0 | H34: =MAX(H8, 0) -> 0 | I34: =MAX(I8, 0) -> 0 | ... M34: =MAX(M8, 0) -> 0
A35: 0.25 | B35: =MAX(B9, 0) -> 0 | C35: =MAX(C9, 0) -> 0 | D35: =MAX(D9, 0) -> 0 | E35: =MAX(E9, 0) -> 0 | F35: =MAX(F9, 0) -> 0 | G35: =MAX(G9, 0) -> 0 | H35: =MAX(H9, 0) -> 0 | I35: =MAX(I9, 0) -> 0 | ... M35: =MAX(M9, 0) -> 0
A36: 0.29166667 | B36: =MAX(B10, 0) -> 0 | C36: =MAX(C10, 0) -> 0 | D36: =MAX(D10, 0) -> 0 | E36: =MAX(E10, 0) -> 0 | F36: =MAX(F10, 0) -> 0 | G36: =MAX(G10, 0) -> 0 | H36: =MAX(H10, 0) -> 0 | I36: =MAX(I10, 0) -> 0 | ... M36: =MAX(M10, 0) -> 0
A37: 0.33333333 | B37: =MAX(B11, 0) -> 0 | C37: =MAX(C11, 0) -> 0 | D37: =MAX(D11, 0) -> 0 | E37: =MAX(E11, 0) -> 0 | F37: =MAX(F11, 0) -> 0 | G37: =MAX(G11, 0) -> 0 | H37: =MAX(H11, 0) -> 0 | I37: =MAX(I11, 0) -> 0 | ... M37: =MAX(M11, 0) -> 0
A38: 0.375 | B38: =MAX(B12, 0) -> 0 | C38: =MAX(C12, 0) -> 0 | D38: =MAX(D12, 0) -> 0 | E38: =MAX(E12, 0) -> 0 | F38: =MAX(F12, 0) -> 0 | G38: =MAX(G12, 0) -> 0 | H38: =MAX(H12, 0) -> 0 | I38: =MAX(I12, 0) -> 0 | ... M38: =MAX(M12, 0) -> 0
A39: 0.41666667 | B39: =MAX(B13, 0) -> 0 | C39: =MAX(C13, 0) -> 0 | D39: =MAX(D13, 0) -> 0 | E39: =MAX(E13, 0) -> 0 | F39: =MAX(F13, 0) -> 0 | G39: =MAX(G13, 0) -> 0 | H39: =MAX(H13, 0) -> 0 | I39: =MAX(I13, 0) -> 0 | ... M39: =MAX(M13, 0) -> 0
A40: 0.45833333 | B40: =MAX(B14, 0) -> 0 | C40: =MAX(C14, 0) -> 0 | D40: =MAX(D14, 0) -> 0 | E40: =MAX(E14, 0) -> 0 | F40: =MAX(F14, 0) -> 0 | G40: =MAX(G14, 0) -> 0 | H40: =MAX(H14, 0) -> 0 | I40: =MAX(I14, 0) -> 0 | ... M40: =MAX(M14, 0) -> 0
... A52: 0.95833333 | B52: =MAX(B26, 0) -> 0 | C52: =MAX(C26, 0) -> 0 | D52: =MAX(D26, 0) -> 0 | E52: =MAX(E26, 0) -> 0 | F52: =MAX(F26, 0) -> 0 | G52: =MAX(G26, 0) -> 0 | H52: =MAX(H26, 0) -> 0 | I52: =MAX(I26, 0) -> 0 | ... M52: =MAX(M26, 0) -> 0
A53: Total daily | B53: =SUM(B29:B52) -> 0 | C53: =SUM(C29:C52) -> 0 | D53: =SUM(D29:D52) -> 0 | E53: =SUM(E29:E52) -> 0 | F53: =SUM(F29:F52) -> 0 | G53: =SUM(G29:G52) -> 0 | H53: =SUM(H29:H52) -> 0 | I53: =SUM(I29:I52) -> 0 | ... M53: =SUM(M29:M52) -> 0
A54: Grid consumption (average day)
A55: Time | B55: Jan | C55: Feb | D55: Mar | E55: Apr | F55: May | G55: Jun | H55: Jul | I55: Aug | J55: Sep | K55: Oct | L55: Nov | M55: Dec
A56: 0 | B56: =-(MIN(B3, 0)) -> 0 | C56: =-(MIN(C3, 0)) -> 0 | D56: =-(MIN(D3, 0)) -> 0 | E56: =-(MIN(E3, 0)) -> 0 | F56: =-(MIN(F3, 0)) -> 0 | G56: =-(MIN(G3, 0)) -> 0 | H56: =-(MIN(H3, 0)) -> 0 | I56: =-(MIN(I3, 0)) -> 0 | ... M56: =-(MIN(M3, 0)) -> 0
A57: 0.041666667 | B57: =-(MIN(B4, 0)) -> 0 | C57: =-(MIN(C4, 0)) -> 0 | D57: =-(MIN(D4, 0)) -> 0 | E57: =-(MIN(E4, 0)) -> 0 | F57: =-(MIN(F4, 0)) -> 0 | G57: =-(MIN(G4, 0)) -> 0 | H57: =-(MIN(H4, 0)) -> 0 | I57: =-(MIN(I4, 0)) -> 0 | ... M57: =-(MIN(M4, 0)) -> 0
A58: 0.083333333 | B58: =-(MIN(B5, 0)) -> 0 | C58: =-(MIN(C5, 0)) -> 0 | D58: =-(MIN(D5, 0)) -> 0 | E58: =-(MIN(E5, 0)) -> 0 | F58: =-(MIN(F5, 0)) -> 0 | G58: =-(MIN(G5, 0)) -> 0 | H58: =-(MIN(H5, 0)) -> 0 | I58: =-(MIN(I5, 0)) -> 0 | ... M58: =-(MIN(M5, 0)) -> 0
A59: 0.125 | B59: =-(MIN(B6, 0)) -> 0 | C59: =-(MIN(C6, 0)) -> 0 | D59: =-(MIN(D6, 0)) -> 0 | E59: =-(MIN(E6, 0)) -> 0 | F59: =-(MIN(F6, 0)) -> 0 | G59: =-(MIN(G6, 0)) -> 0 | H59: =-(MIN(H6, 0)) -> 0 | I59: =-(MIN(I6, 0)) -> 0 | ... M59: =-(MIN(M6, 0)) -> 0
A60: 0.16666667 | B60: =-(MIN(B7, 0)) -> 0 | C60: =-(MIN(C7, 0)) -> 0 | D60: =-(MIN(D7, 0)) -> 0 | E60: =-(MIN(E7, 0)) -> 0 | F60: =-(MIN(F7, 0)) -> 0 | G60: =-(MIN(G7, 0)) -> 0 | H60: =-(MIN(H7, 0)) -> 0 | I60: =-(MIN(I7, 0)) -> 0 | ... M60: =-(MIN(M7, 0)) -> 0
A61: 0.20833333 | B61: =-(MIN(B8, 0)) -> 0 | C61: =-(MIN(C8, 0)) -> 0 | D61: =-(MIN(D8, 0)) -> 0 | E61: =-(MIN(E8, 0)) -> 0 | F61: =-(MIN(F8, 0)) -> 0 | G61: =-(MIN(G8, 0)) -> 0 | H61: =-(MIN(H8, 0)) -> 0 | I61: =-(MIN(I8, 0)) -> 0 | ... M61: =-(MIN(M8, 0)) -> 0
A62: 0.25 | B62: =-(MIN(B9, 0)) -> 0 | C62: =-(MIN(C9, 0)) -> 0 | D62: =-(MIN(D9, 0)) -> 0 | E62: =-(MIN(E9, 0)) -> 0 | F62: =-(MIN(F9, 0)) -> 0 | G62: =-(MIN(G9, 0)) -> 0 | H62: =-(MIN(H9, 0)) -> 0 | I62: =-(MIN(I9, 0)) -> 0 | ... M62: =-(MIN(M9, 0)) -> 0
A63: 0.29166667 | B63: =-(MIN(B10, 0)) -> 0 | C63: =-(MIN(C10, 0)) -> 0 | D63: =-(MIN(D10, 0)) -> 0 | E63: =-(MIN(E10, 0)) -> 0 | F63: =-(MIN(F10, 0)) -> 0 | G63: =-(MIN(G10, 0)) -> 0 | H63: =-(MIN(H10, 0)) -> 0 | I63: =-(MIN(I10, 0)) -> 0 | ... M63: =-(MIN(M10, 0)) -> 0
A64: 0.33333333 | B64: =-(MIN(B11, 0)) -> 0 | C64: =-(MIN(C11, 0)) -> 0 | D64: =-(MIN(D11, 0)) -> 0 | E64: =-(MIN(E11, 0)) -> 0 | F64: =-(MIN(F11, 0)) -> 0 | G64: =-(MIN(G11, 0)) -> 0 | H64: =-(MIN(H11, 0)) -> 0 | I64: =-(MIN(I11, 0)) -> 0 | ... M64: =-(MIN(M11, 0)) -> 0
A65: 0.375 | B65: =-(MIN(B12, 0)) -> 0 | C65: =-(MIN(C12, 0)) -> 0 | D65: =-(MIN(D12, 0)) -> 0 | E65: =-(MIN(E12, 0)) -> 0 | F65: =-(MIN(F12, 0)) -> 0 | G65: =-(MIN(G12, 0)) -> 0 | H65: =-(MIN(H12, 0)) -> 0 | I65: =-(MIN(I12, 0)) -> 0 | ... M65: =-(MIN(M12, 0)) -> 0
A66: 0.41666667 | B66: =-(MIN(B13, 0)) -> 0 | C66: =-(MIN(C13, 0)) -> 0 | D66: =-(MIN(D13, 0)) -> 0 | E66: =-(MIN(E13, 0)) -> 0 | F66: =-(MIN(F13, 0)) -> 0 | G66: =-(MIN(G13, 0)) -> 0 | H66: =-(MIN(H13, 0)) -> 0 | I66: =-(MIN(I13, 0)) -> 0 | ... M66: =-(MIN(M13, 0)) -> 0
A67: 0.45833333 | B67: =-(MIN(B14, 0)) -> 0 | C67: =-(MIN(C14, 0)) -> 0 | D67: =-(MIN(D14, 0)) -> 0 | E67: =-(MIN(E14, 0)) -> 0 | F67: =-(MIN(F14, 0)) -> 0 | G67: =-(MIN(G14, 0)) -> 0 | H67: =-(MIN(H14, 0)) -> 0 | I67: =-(MIN(I14, 0)) -> 0 | ... M67: =-(MIN(M14, 0)) -> 0
... A79: 0.95833333 | B79: =-(MIN(B26, 0)) -> 0 | C79: =-(MIN(C26, 0)) -> 0 | D79: =-(MIN(D26, 0)) -> 0 | E79: =-(MIN(E26, 0)) -> 0 | F79: =-(MIN(F26, 0)) -> 0 | G79: =-(MIN(G26, 0)) -> 0 | H79: =-(MIN(H26, 0)) -> 0 | I79: =-(MIN(I26, 0)) -> 0 | ... M79: =-(MIN(M26, 0)) -> 0
A80: Total daily | B80: =SUM(B56:B79) -> 0 | C80: =SUM(C56:C79) -> 0 | D80: =SUM(D56:D79) -> 0 | E80: =SUM(E56:E79) -> 0 | F80: =SUM(F56:F79) -> 0 | G80: =SUM(G56:G79) -> 0 | H80: =SUM(H56:H79) -> 0 | I80: =SUM(I56:I79) -> 0 | ... M80: =SUM(M56:M79) -> 0

Sheet README
A1: EXPLANATION | J1: HOW TO USE THE TOOL
K25: DISCLAIMER: This document is the intellectual property of Watt4Ever srl. Watt4Ever srl authorizes its use strictly for educational reasons. It may not be reproduced, copied, or broadcasted under any circumstances without the written authorization of Watt4Ever srl.
